{"stats":{"minecraft:custom":{"lootr:looted_stat":91,"minecraft:interact_with_crafting_table":53,"minecraft:open_barrel":16,"goblintraders:trade_with_goblin":68,"minecraft:leave_game":17,"minecraft:time_since_death":9262,"champions:champion_mobs_killed":141,"minecraft:sprint_one_cm":882944,"minecraft:damage_blocked_by_shield":964,"minecraft:drop":240,"minecraft:talked_to_villager":5,"minecraft:play_time":747342,"minecraft:deaths":19,"minecraft:jump":4899,"minecraft:walk_on_water_one_cm":62242,"minecraft:interact_with_furnace":46,"minecraft:sleep_in_bed":12,"minecraft:waystone_activated":4,"minecraft:damage_dealt":20132,"minecraft:crouch_one_cm":246471,"minecraft:horse_one_cm":49285,"minecraft:mob_kills":168,"minecraft:interact_with_campfire":13,"minecraft:damage_dealt_resisted":1997,"minecraft:climb_one_cm":82238,"minecraft:walk_one_cm":6309859,"minecraft:damage_dealt_absorbed":1721,"minecraft:sneak_time":43684,"minecraft:walk_under_water_one_cm":46061,"minecraft:total_world_time":747342,"minecraft:time_since_rest":9291,"minecraft:damage_taken":15393,"minecraft:damage_absorbed":340,"minecraft:trigger_trapped_chest":8,"minecraft:swim_one_cm":50665,"minecraft:fly_one_cm":793406,"minecraft:open_chest":310,"minecraft:fall_one_cm":78847},"minecraft:dropped":{"minecraft:iron_sword":2,"minecraft:birch_planks":1,"minecraft:glow_ink_sac":2,"minecraft:baked_potato":4,"minecraft:glass_bottle":7,"minecraft:cracked_stone_bricks":4,"minecraft:saddle":1,"bloodandmadness:beastblood_clump":4,"alexsmobs:bison_fur":9,"minecraft:leather_helmet":2,"minecraft:red_carpet":2,"jet_and_elias_armors:sentinel_set_helmet":2,"minecraft:dirt":25,"minecraft:stone_button":1,"minecraft:snowball":3,"minecraft:bone_meal":14,"minecraft:iron_pickaxe":2,"minecraft:dark_oak_planks":1,"hexerei:sage":7,"minecraft:armor_stand":2,"minecraft:bone":4,"minecraft:gravel":2,"minecraft:iron_nugget":8,"minecraft:nether_brick":8,"minecraft:cobbled_deepslate":233,"minecraft:birch_sapling":3,"minecraft:rotten_flesh":32,"alexsmobs:bison_fur_block":7,"quark:spruce_leaf_carpet":23,"alexsmobs:cachalot_whale_tooth":1,"waystones:warp_stone":1,"sophisticatedbackpacks:smelting_upgrade":2,"supplementaries:ash":17,"alexsmobs:bison_carpet":69,"pineapple_delight:pineapple_crop":1,"minecraft:spruce_slab":15,"goblinsanddungeons:cracked_scoria_bricks":2,"minecraft:iron_bars":25,"minecraft:arrow":12,"minecraft:netherrack":2,"minecraft:enchanted_book":1,"minecraft:stone_hoe":2,"minecraft:water_bucket":1,"minecraft:iron_ingot":19,"minecraft:bread":8,"minecraft:oak_slab":3,"minecraft:wheat_seeds":18,"minecraft:golden_helmet":1,"minecraft:mossy_cobblestone":4,"minecraft:diamond_leggings":1,"minecraft:poisonous_potato":5,"minecraft:cobblestone":29,"minecraft:iron_helmet":4,"minecraft:apple":3,"bloodandmadness:pure_quicksilver":6,"minecraft:granite":25,"minecraft:chainmail_helmet":1,"minecraft:stick":1,"bygonenether:cobbled_blackstone":2,"minecraft:cobweb":2,"minecraft:diamond_horse_armor":1,"minecraft:golden_carrot":2,"goblinsanddungeons:scoria":126,"minecraft:ink_sac":4,"minecraft:torch":10,"minecraft:iron_door":1,"minecraft:diamond_helmet":1,"simple_mobs:crystal_leggings":2,"minecraft:white_banner":3,"dannys_expansion:gel":2,"sophisticatedbackpacks:crafting_upgrade":1,"minecraft:paper":10,"minecraft:acacia_planks":4,"minecraft:bucket":1,"minecraft:spruce_sapling":1,"minecraft:smooth_basalt":4,"minecraft:moss_carpet":27,"hexerei:animal_fat":2,"hexerei:sage_seed":8,"epicfight:uchigatana":1,"minecraft:stone_sword":1,"minecraft:coarse_dirt":13,"minecraft:deepslate":2,"minecraft:tuff":14,"minecraft:clay_ball":3,"minecraft:iron_boots":2,"minecraft:nether_bricks":3,"goblinsanddungeons:scoria_bricks":2,"minecraft:filled_map":8,"minecraft:diamond_sword":1,"minecraft:potato":17,"minecraft:shield":3,"minecraft:diamond_chestplate":1,"minecraft:diamond_pickaxe":1,"minecraft:spruce_planks":8,"minecraft:iron_chestplate":5,"minecraft:andesite":10,"minecraft:mossy_stone_bricks":10,"minecraft:oak_sapling":1,"minecraft:brown_carpet":16,"minecraft:diamond_boots":1,"minecraft:stone_pressure_plate":1,"bloodandmadness:blood_stone_shard":2,"minecraft:spider_eye":2,"minecraft:bow":5,"minecraft:raw_gold":1,"minecraft:wooden_pickaxe":1,"irons_spellbooks:iron_spell_book":2,"minecraft:stripped_spruce_wood":9,"minecraft:terracotta":3,"minecraft:nether_brick_stairs":2},"minecraft:broken":{"minecraft:iron_boots":1,"minecraft:iron_leggings":1,"simple_mobs:crystal_helmet":1,"minecraft:iron_sword":1,"justhammers:iron_hammer":3,"minecraft:iron_axe":1,"minecraft:iron_pickaxe":5},"minecraft:mined":{"minecraft:dark_oak_planks":5,"minecraft:large_amethyst_bud":1,"minecraft:stone_pressure_plate":1,"minecraft:spruce_planks":8,"minecraft:obsidian":9,"minecraft:spruce_trapdoor":2,"minecraft:granite":7,"minecraft:budding_amethyst":1,"minecraft:acacia_log":1,"minecraft:grass_block":62,"minecraft:brown_wool":20,"minecraft:coal_block":40,"goblinsanddungeons:cracked_scoria_bricks":2,"minecraft:spawner":23,"goblinsanddungeons:urn":6,"quark:cocoa_beans_sack":1,"minecraft:iron_ore":63,"minecraft:fire":1,"minecraft:moss_carpet":29,"minecraft:deepslate_lapis_ore":4,"immersive_weathering:charred_planks":1,"minecraft:nether_brick_stairs":1,"supplementaries:stick":1,"minecraft:iron_bars":11,"minecraft:iron_block":9,"minecraft:spruce_slab":171,"immersive_weathering:oak_leaf_pile":1,"alexsmobs:bison_carpet":48,"minecraft:deepslate_redstone_ore":8,"minecraft:quartz_block":14,"minecraft:blackstone":7,"goblinsanddungeons:scoria_brick_stairs":1,"supplementaries:book_pile":1,"immersive_weathering:spruce_leaf_pile":35,"minecraft:amethyst_cluster":3,"minecraft:torch":2,"minecraft:poppy":16,"minecraft:dead_bush":2,"minecraft:cobblestone":13,"minecraft:wall_torch":7,"minecraft:amethyst_block":5,"minecraft:skeleton_skull":1,"minecraft:blue_ice":1,"immersive_weathering:humus":5,"minecraft:grass":32,"quark:birch_chest":15,"minecraft:oak_log":3,"minecraft:dirt":13,"minecraft:wither_skeleton_skull":1,"minecraft:netherrack":2,"minecraft:oak_leaves":10,"minecraft:deepslate":1009,"minecraft:emerald_block":2,"minecraft:red_carpet":2,"minecraft:tuff":120,"immersive_weathering:ash_layer_block":1,"minecraft:mossy_cobblestone":6,"minecraft:deepslate_diamond_ore":24,"immersive_weathering:birch_leaf_pile":35,"minecraft:glow_lichen":3,"minecraft:nether_bricks":6,"minecraft:dark_oak_fence":2,"minecraft:cobbled_deepslate_slab":2,"minecraft:stone_button":1,"quark:spruce_leaf_carpet":25,"minecraft:spruce_leaves":4,"goblinsanddungeons:scoria_bricks":11,"minecraft:spruce_sapling":8,"minecraft:furnace":1,"minecraft:carrots":1,"minecraft:snow":6,"minecraft:andesite":29,"minecraft:stripped_spruce_log":5,"treechop:chopped_log":14,"minecraft:gold_block":4,"minecraft:vine":12,"minecraft:deepslate_iron_ore":13,"pineapple_delight:pineapple_wild_crop":1,"minecraft:rail":1,"minecraft:packed_ice":1,"minecraft:stone":243,"minecraft:podzol":73,"minecraft:oak_slab":9,"minecraft:acacia_leaves":4,"minecraft:brown_carpet":16,"minecraft:stripped_dark_oak_log":13,"goblinsanddungeons:scoria":24,"quark:spruce_bookshelf":5,"immersive_weathering:soot":3,"minecraft:tall_grass":9,"minecraft:deepslate_gold_ore":17,"supplementaries:urn":13,"minecraft:spruce_stairs":5,"minecraft:birch_planks":32,"minecraft:coarse_dirt":46,"minecraft:stripped_spruce_wood":17,"minecraft:redstone_torch":1,"minecraft:spruce_log":4,"minecraft:white_carpet":1,"minecraft:birch_leaves":1,"minecraft:coal_ore":61,"alexsmobs:bison_fur_block":8,"minecraft:gravel":2,"quark:spruce_chest":1,"minecraft:lodestone":1,"minecraft:terracotta":1,"minecraft:acacia_planks":1,"minecraft:stone_bricks":3,"minecraft:fern":1,"minecraft:infested_stone":1},"minecraft:killed_by":{"monsterplus:crystal_zombie":4,"alexsmobs:cachalot_whale":1,"goblinsanddungeons:goblin_king":4,"goblinsanddungeons:gob":1,"simple_mobs:gobber":1,"majruszsdifficulty:cursed_armor":1,"simple_mobs:corrupted_ogre":4,"minecraft:player":1,"simple_mobs:gob":1},"minecraft:used":{"minecraft:iron_shovel":163,"minecraft:shield":35,"minecraft:iron_sword":483,"minecraft:nether_bricks":3,"minecraft:carrot":31,"minecraft:acacia_sapling":1,"minecraft:snowball":4,"minecraft:stripped_spruce_log":1,"minecraft:lava_bucket":4,"create:crafting_blueprint":1,"minecraft:lantern":2,"minecraft:birch_sapling":3,"minecraft:item_frame":11,"supplementaries:bomb_blue":6,"minecraft:bow":172,"minecraft:sweet_berries":16,"minecraft:furnace":4,"minecraft:skeleton_skull":1,"minecraft:egg":1,"minecraft:potato":24,"minecraft:ender_pearl":2,"minecraft:golden_apple":1,"minecraft:shears":15,"minecraft:cobbled_deepslate_stairs":1,"minecraft:redstone_torch":2,"waystones:waystone":3,"quark:rope":2,"minecraft:bread":1,"minecraft:diamond_sword":46,"simple_mobs:crystal_leggings":1,"minecraft:smithing_table":1,"quark:cocoa_beans_sack":1,"minecraft:coarse_dirt":25,"minecraft:bone_meal":333,"minecraft:experience_bottle":3,"minecraft:iron_bars":3,"quark:birch_chest":28,"minecraft:flint_and_steel":62,"minecraft:stone_hoe":83,"minecraft:stick":1,"minecraft:torch":363,"minecraft:dirt":136,"minecraft:anvil":1,"minecraft:dark_oak_planks":4,"quark:spruce_chest":5,"minecraft:iron_axe":535,"minecraft:golden_carrot":42,"minecraft:cooked_beef":13,"minecraft:acacia_planks":1,"minecraft:cobbled_deepslate":97,"sophisticatedbackpacks:gold_backpack":1,"minecraft:cooked_mutton":13,"minecraft:wheat_seeds":46,"minecraft:water_bucket":9,"monsterplus:crystal_clump":1,"minecraft:birch_planks":196,"minecraft:baked_potato":75,"minecraft:birch_boat":1,"minecraft:glow_item_frame":1,"minecraft:stripped_dark_oak_log":1,"minecraft:tnt":2,"minecraft:crafting_table":7,"immersive_weathering:spruce_bark":4,"minecraft:smoker":1,"justhammers:iron_hammer":570,"minecraft:spruce_log":2,"minecraft:diamond_pickaxe":120,"hexerei:sage_seed":6,"minecraft:iron_pickaxe":1755,"minecraft:spruce_sapling":56,"minecraft:enchanted_book":1,"minecraft:cobbled_deepslate_slab":183,"minecraft:cobblestone":146,"minecraft:potion":6,"minecraft:white_banner":3,"minecraft:cooked_porkchop":4,"minecraft:bucket":13,"irons_spellbooks:inscription_table":1},"minecraft:crafted":{"quark:birch_chest":1,"waystones:waystone":1,"simple_mobs:crystal_chestplate":1,"minecraft:stone_hoe":1,"sophisticatedbackpacks:backpack":1,"minecraft:crafting_table":1,"minecraft:spruce_planks":12,"minecraft:baked_potato":69,"minecraft:smithing_table":1,"minecraft:birch_planks":44,"sophisticatedbackpacks:upgrade_base":3,"minecraft:charcoal":3,"minecraft:stick":28,"minecraft:iron_ingot":135,"minecraft:compass":1,"minecraft:iron_pickaxe":2,"minecraft:gold_ingot":15,"minecraft:furnace":1,"minecraft:iron_axe":2,"minecraft:cobbled_deepslate_stairs":4,"paraglider:paraglider":1,"simple_mobs:crystal_helmet":1,"sophisticatedbackpacks:gold_backpack":1,"minecraft:air":2877,"justhammers:iron_hammer":2,"minecraft:iron_leggings":1,"minecraft:acacia_planks":4,"minecraft:torch":76,"create:zinc_ingot":48},"minecraft:killed":{"simple_mobs:imp_melee":5,"minecraft:cave_spider":4,"minecraft:witch":1,"simple_mobs:hobgob":1,"minecraft:spider":8,"monsterplus:crystal_zombie":9,"quark:forgotten":1,"minecraft:skeleton":10,"monsterplus:glow_skeleton":3,"bloodandmadness:beast_patient":1,"lilwings:red_applefly_butterfly":1,"goblinsanddungeons:garch":10,"goblinsanddungeons:goom":1,"minecraft:silverfish":21,"bloodandmadness:silverbeast":2,"simple_mobs:gobber":5,"minecraft:trader_llama":2,"minecraft:pillager":3,"goblinsanddungeons:hobgob":1,"tinyskeletons:baby_skeleton":1,"minecraft:zombie":24,"goblinsanddungeons:goblo":1,"bloodandmadness:cloaked_beast_patient":1,"minecraft:vindicator":1,"simple_mobs:giant":2,"simple_mobs:imp_range":2,"dannys_expansion:mundane_slime":4,"goblinsanddungeons:goblin_king":1,"bloodandmadness:brainsucker":1,"simple_mobs:corrupted_ogre":1,"restored_earth:bouldering_zombie":1,"simple_mobs:minotaur":1,"restored_earth:lobber_zombie":1,"simple_mobs:goom":2,"goblinsanddungeons:gob":2,"minecraft:squid":1,"dannys_expansion:ghoul":1,"simple_mobs:skeleton_demon":1,"simple_mobs:gob":7,"simple_mobs:goblo":3,"simple_mobs:cave_blockhead":1,"minecraft:wither_skeleton":1},"minecraft:picked_up":{"irons_spellbooks:scroll":7,"minecraft:iron_chestplate":4,"waystones:warp_stone":1,"minecraft:wheat":13,"minecraft:chainmail_boots":3,"irons_spellbooks:rotten_spell_book":1,"supplementaries:bomb_blue":1,"minecraft:lead":2,"alexsmobs:bison_fur_block":8,"minecraft:enchanted_book":13,"minecraft:nether_brick":10,"minecraft:amethyst_block":5,"immersive_weathering:ash_layer_block":3,"minecraft:string":14,"minecraft:armor_stand":4,"minecraft:pufferfish":1,"minecraft:beetroot":2,"irons_spellbooks:arcane_essence":17,"minecraft:diamond_leggings":1,"minecraft:cobbled_deepslate":2921,"minecraft:bucket":1,"minecraft:spruce_planks":8,"minecraft:redstone_torch":1,"minecraft:iron_pickaxe":1,"minecraft:coal_block":38,"bloodandmadness:pure_quicksilver":5,"minecraft:furnace":1,"minecraft:golden_helmet":2,"minecraft:stick":71,"apotheosis:gem":5,"minecraft:torch":36,"minecraft:acacia_log":3,"minecraft:spruce_stairs":2,"minecraft:golden_chestplate":1,"minecraft:brown_carpet":16,"minecraft:quartz_block":2,"monsterplus:crystal_clump":5,"dannys_expansion:gel":6,"minecraft:stone_sword":1,"minecraft:rotten_flesh":58,"minecraft:tropical_fish":1,"minecraft:iron_block":11,"jet_and_elias_armors:sentinel_set_chestplate":1,"create:crafting_blueprint":2,"supplementaries:ash":34,"epicfight:stray_robe":1,"bloodandmadness:siderite_nugget":1,"minecraft:obsidian":9,"bloodandmadness:blood_stone_shard":3,"minecraft:iron_bars":18,"minecraft:snowball":10,"alexsmobs:flying_fish":1,"minecraft:cobblestone":287,"minecraft:birch_log":63,"minecraft:leather_chestplate":2,"minecraft:feather":8,"minecraft:iron_door":1,"minecraft:water_bucket":2,"minecraft:andesite":18,"minecraft:brown_wool":20,"minecraft:potato":154,"paraglider:spirit_orb":1,"create:raw_zinc":42,"minecraft:tuff":130,"minecraft:stripped_spruce_wood":18,"quark:cocoa_beans_sack":1,"minecraft:wither_skeleton_skull":1,"minecraft:lapis_lazuli":42,"minecraft:dirt":172,"simple_mobs:crystal_helmet":3,"irons_spellbooks:iron_spell_book":2,"minecraft:bone":27,"goblinsanddungeons:scoria_bricks":8,"minecraft:acacia_planks":4,"minecraft:bow":8,"minecraft:wheat_seeds":65,"minecraft:raw_gold":24,"minecraft:cobbled_deepslate_slab":2,"minecraft:mossy_stone_bricks":25,"minecraft:diamond_helmet":1,"minecraft:glowstone_dust":1,"minecraft:stone_hoe":1,"hexerei:animal_fat":2,"endrem:lost_eye":1,"paraglider:essence":1,"irons_spellbooks:frozen_bone":13,"irons_spellbooks:legendary_ink":1,"minecraft:poisonous_potato":5,"hexerei:sage":7,"minecraft:stripped_spruce_log":5,"minecraft:nether_brick_stairs":11,"minecraft:ink_sac":3,"minecraft:spectral_arrow":2,"alexsmobs:bison_carpet":86,"minecraft:mossy_cobblestone":27,"irons_spellbooks:ice_rune":1,"simple_mobs:crystal_leggings":1,"minecraft:deepslate":2,"minecraft:diamond":34,"waystones:waystone":1,"minecraft:crossbow":3,"minecraft:granite":31,"minecraft:bone_meal":12,"minecraft:bread":1,"minecraft:golden_horse_armor":1,"minecraft:emerald":5,"minecraft:chainmail_helmet":1,"minecraft:oak_sapling":1,"minecraft:netherrack":2,"irons_spellbooks:uncommon_ink":1,"minecraft:dark_oak_fence":2,"minecraft:diamond_pickaxe":1,"minecraft:charcoal":1,"minecraft:coarse_dirt":44,"minecraft:chicken":2,"bloodandmadness:twin_blood_stone_shards":1,"minecraft:nether_wart":10,"minecraft:clay_ball":3,"minecraft:turtle_helmet":1,"minecraft:leather_leggings":1,"minecraft:brown_mushroom":1,"minecraft:wooden_pickaxe":1,"minecraft:gold_block":4,"minecraft:shield":3,"minecraft:moss_carpet":27,"minecraft:item_frame":6,"minecraft:cracked_stone_bricks":9,"quark:spruce_chest":1,"apotheosis:scrap_tome":1,"minecraft:iron_nugget":18,"minecraft:poppy":15,"minecraft:light_gray_wool":2,"minecraft:spruce_slab":145,"minecraft:birch_sapling":18,"minecraft:spruce_trapdoor":2,"minecraft:egg":3,"minecraft:raw_iron":105,"bygonenether:cobbled_blackstone":10,"minecraft:stone_button":1,"quark:birch_chest":15,"minecraft:carrot":334,"minecraft:redstone":47,"minecraft:stone_pressure_plate":1,"bloodandmadness:beastblood_clump":3,"goblinsanddungeons:goblin_crown":1,"minecraft:dark_oak_planks":5,"hexerei:sage_seed":14,"minecraft:arrow":45,"minecraft:diamond_chestplate":1,"minecraft:beetroot_seeds":5,"minecraft:nether_bricks":8,"simple_mobs:crystal_chestplate":2,"minecraft:diamond_boots":1,"minecraft:saddle":1,"jet_and_elias_armors:sentinel_set_helmet":3,"minecraft:skeleton_skull":3,"goblinsanddungeons:cracked_scoria_bricks":4,"minecraft:glow_ink_sac":10,"immersive_weathering:spruce_bark":6,"minecraft:leather":19,"minecraft:filled_map":6,"minecraft:birch_planks":237,"alexsmobs:cachalot_whale_tooth":1,"minecraft:oak_log":3,"minecraft:chainmail_chestplate":1,"minecraft:gunpowder":1,"minecraft:paper":1,"minecraft:white_banner":4,"quark:forgotten_hat":1,"irons_spellbooks:rare_ink":1,"minecraft:cooked_mutton":13,"simple_mobs:lootbag":2,"minecraft:red_carpet":2,"minecraft:apple":3,"minecraft:stone_bricks":3,"minecraft:cobweb":2,"minecraft:glass_bottle":2,"quark:music_disc_chatter":1,"sophisticatedbackpacks:smelting_upgrade":1,"simple_mobs:cavefragment":1,"goblinsanddungeons:scoria":145,"minecraft:iron_sword":2,"minecraft:acacia_sapling":1,"minecraft:book":15,"minecraft:oak_slab":9,"simple_mobs:imp_scale":1,"minecraft:smooth_basalt":2,"minecraft:emerald_block":2,"minecraft:sweet_berries":48,"simple_mobs:ogreliver":1,"minecraft:gravel":2,"minecraft:amethyst_shard":22,"epicfight:uchigatana":1,"minecraft:spruce_sapling":70,"minecraft:spruce_log":296,"minecraft:spider_eye":7,"immersive_weathering:stone_brick":1,"minecraft:leather_helmet":3,"monsterplus:crystal_shard":10,"quark:spruce_leaf_carpet":26,"simple_mobs:giant_eye_fragment":2,"minecraft:chainmail_leggings":1,"minecraft:iron_helmet":4,"minecraft:diamond_axe":1,"minecraft:lodestone":1,"minecraft:terracotta":3,"pineapple_delight:pineapple_crop":1,"minecraft:stripped_dark_oak_log":13,"minecraft:coal":62,"minecraft:ender_pearl":9}},"DataVersion":2975}