{"stats":{"minecraft:used":{"minecraft:iron_axe":4,"minecraft:iron_pickaxe":53,"minecraft:torch":13,"minecraft:cooked_porkchop":4},"minecraft:mined":{"supplementaries:urn":1,"minecraft:tuff":1,"minecraft:deepslate_diamond_ore":2,"minecraft:granite":5,"minecraft:grass":1,"minecraft:deepslate_iron_ore":7,"minecraft:deepslate":35},"minecraft:dropped":{"minecraft:deepslate":1,"minecraft:rotten_flesh":5,"irons_spellbooks:iron_spell_book":1,"dannys_expansion:gel":1},"minecraft:custom":{"minecraft:time_since_rest":4945,"champions:champion_mobs_killed":6,"minecraft:interact_with_furnace":3,"minecraft:sprint_one_cm":46197,"minecraft:damage_absorbed":12,"minecraft:damage_taken":953,"minecraft:walk_one_cm":302054,"minecraft:mob_kills":6,"minecraft:drop":4,"minecraft:damage_dealt":272,"minecraft:interact_with_crafting_table":3,"minecraft:fly_one_cm":47203,"minecraft:open_chest":2,"minecraft:crouch_one_cm":6002,"minecraft:play_time":29426,"minecraft:deaths":2,"minecraft:sneak_time":1073,"minecraft:walk_under_water_one_cm":2746,"minecraft:jump":378,"minecraft:leave_game":3,"minecraft:time_since_death":4919,"minecraft:walk_on_water_one_cm":4183,"minecraft:total_world_time":29426,"minecraft:fall_one_cm":4494},"minecraft:killed":{"dannys_expansion:mundane_slime":1,"minecraft:zombie":1,"simple_mobs:skeleton_demon":1,"bloodandmadness:beast_patient":1,"monsterplus:crystal_zombie":3},"minecraft:crafted":{"minecraft:compass":1,"minecraft:torch":48,"minecraft:air":1},"minecraft:killed_by":{"minecraft:player":1,"monsterplus:crystal_zombie":1},"minecraft:picked_up":{"minecraft:raw_iron":7,"minecraft:enchanted_book":1,"minecraft:redstone":9,"monsterplus:crystal_clump":1,"dannys_expansion:gel":3,"minecraft:bone":1,"irons_spellbooks:iron_spell_book":1,"minecraft:rotten_flesh":3,"minecraft:deepslate":1,"minecraft:diamond":2,"monsterplus:crystal_shard":3,"simple_mobs:crystal_chestplate":2,"minecraft:cobbled_deepslate":29,"minecraft:granite":5,"minecraft:cobblestone":2}},"DataVersion":2975}