{"stats":{"minecraft:used":{"minecraft:water_bucket":1,"minecraft:iron_axe":4,"minecraft:baked_potato":1,"minecraft:iron_pickaxe":65,"minecraft:iron_sword":21,"minecraft:stone_hoe":1,"minecraft:dirt":1,"minecraft:torch":14,"minecraft:cooked_porkchop":4,"minecraft:potato":1,"minecraft:bone_meal":29},"minecraft:mined":{"supplementaries:urn":1,"minecraft:tuff":1,"minecraft:deepslate_diamond_ore":2,"minecraft:iron_ore":4,"minecraft:granite":5,"minecraft:grass":1,"minecraft:grass_block":1,"minecraft:deepslate_iron_ore":7,"minecraft:stone":8,"minecraft:wall_torch":1,"minecraft:deepslate":35},"minecraft:dropped":{"minecraft:deepslate":1,"minecraft:poisonous_potato":2,"minecraft:rotten_flesh":5,"irons_spellbooks:iron_spell_book":1,"dannys_expansion:gel":1},"minecraft:custom":{"minecraft:time_since_rest":16945,"champions:champion_mobs_killed":9,"minecraft:interact_with_furnace":7,"minecraft:sprint_one_cm":53631,"minecraft:damage_absorbed":12,"minecraft:damage_taken":1004,"minecraft:walk_one_cm":469353,"minecraft:mob_kills":12,"minecraft:drop":6,"minecraft:damage_dealt":1106,"minecraft:swim_one_cm":3783,"minecraft:talked_to_villager":1,"minecraft:interact_with_crafting_table":6,"minecraft:fly_one_cm":60551,"minecraft:open_chest":11,"minecraft:crouch_one_cm":6696,"minecraft:play_time":41426,"minecraft:deaths":2,"minecraft:sneak_time":1142,"minecraft:walk_under_water_one_cm":3606,"minecraft:jump":605,"minecraft:leave_game":3,"minecraft:time_since_death":16919,"minecraft:walk_on_water_one_cm":4981,"minecraft:total_world_time":41426,"minecraft:fall_one_cm":6017},"minecraft:killed":{"dannys_expansion:mundane_slime":3,"minecraft:trader_llama":2,"minecraft:zombie":2,"simple_mobs:skeleton_demon":1,"bloodandmadness:beast_patient":1,"monsterplus:crystal_zombie":3},"minecraft:crafted":{"minecraft:baked_potato":5,"minecraft:compass":1,"minecraft:torch":48,"minecraft:air":21},"minecraft:killed_by":{"minecraft:player":1,"monsterplus:crystal_zombie":1},"minecraft:picked_up":{"minecraft:raw_iron":11,"minecraft:water_bucket":1,"minecraft:leather":4,"minecraft:lead":2,"minecraft:poisonous_potato":2,"minecraft:potato":16,"minecraft:enchanted_book":1,"minecraft:redstone":9,"minecraft:dirt":1,"minecraft:paper":1,"monsterplus:crystal_clump":1,"dannys_expansion:gel":5,"minecraft:bone":6,"irons_spellbooks:iron_spell_book":1,"minecraft:rotten_flesh":4,"minecraft:deepslate":1,"minecraft:diamond":2,"monsterplus:crystal_shard":3,"simple_mobs:crystal_chestplate":2,"minecraft:cobbled_deepslate":29,"minecraft:granite":5,"minecraft:bone_meal":11,"minecraft:cobblestone":10}},"DataVersion":2975}