{"stats":{"minecraft:mined":{"minecraft:tuff":1,"minecraft:deepslate_diamond_ore":2,"minecraft:granite":5,"minecraft:grass_block":1,"quark:spruce_leaf_carpet":3,"minecraft:wall_torch":1,"supplementaries:urn":1,"minecraft:coarse_dirt":2,"minecraft:iron_ore":4,"minecraft:moss_carpet":3,"minecraft:grass":1,"minecraft:deepslate_iron_ore":7,"minecraft:stone":8,"minecraft:iron_block":1,"minecraft:deepslate":35,"minecraft:infested_stone":1},"minecraft:used":{"minecraft:water_bucket":1,"minecraft:iron_shovel":1,"minecraft:baked_potato":4,"minecraft:iron_sword":49,"minecraft:stone_hoe":1,"minecraft:torch":14,"minecraft:dirt":1,"minecraft:crafting_table":1,"minecraft:iron_axe":4,"minecraft:iron_pickaxe":68,"minecraft:cooked_porkchop":4,"minecraft:potato":1,"minecraft:bone_meal":29},"minecraft:dropped":{"hexerei:sage_seed":2,"minecraft:wheat_seeds":2,"minecraft:coarse_dirt":2,"minecraft:deepslate":1,"minecraft:poisonous_potato":2,"minecraft:rotten_flesh":11,"alexsmobs:cachalot_whale_tooth":1,"minecraft:stick":1,"minecraft:white_banner":3,"irons_spellbooks:iron_spell_book":1,"dannys_expansion:gel":1,"minecraft:acacia_planks":1},"minecraft:custom":{"lootr:looted_stat":2,"minecraft:interact_with_furnace":7,"minecraft:mob_kills":20,"minecraft:interact_with_crafting_table":8,"minecraft:open_barrel":2,"minecraft:leave_game":4,"minecraft:time_since_death":14175,"minecraft:climb_one_cm":1380,"minecraft:time_since_rest":14207,"champions:champion_mobs_killed":19,"minecraft:sprint_one_cm":72778,"minecraft:walk_one_cm":704824,"minecraft:damage_taken":1680,"minecraft:damage_absorbed":12,"minecraft:drop":16,"minecraft:damage_dealt":2383,"minecraft:damage_dealt_absorbed":48,"minecraft:swim_one_cm":15758,"minecraft:talked_to_villager":1,"minecraft:fly_one_cm":114408,"minecraft:open_chest":11,"minecraft:crouch_one_cm":10687,"minecraft:play_time":58779,"minecraft:deaths":3,"minecraft:sneak_time":1766,"minecraft:walk_under_water_one_cm":5525,"minecraft:jump":821,"minecraft:walk_on_water_one_cm":9688,"minecraft:total_world_time":58779,"minecraft:fall_one_cm":11241},"minecraft:killed":{"restored_earth:lobber_zombie":1,"minecraft:spider":1,"dannys_expansion:ghoul":1,"monsterplus:crystal_zombie":3,"dannys_expansion:mundane_slime":4,"minecraft:trader_llama":2,"minecraft:pillager":3,"minecraft:zombie":3,"simple_mobs:skeleton_demon":1,"bloodandmadness:beast_patient":1,"minecraft:silverfish":1,"restored_earth:bouldering_zombie":1},"minecraft:crafted":{"sophisticatedbackpacks:backpack":1,"quark:birch_chest":1,"minecraft:baked_potato":5,"minecraft:air":32,"minecraft:compass":1,"minecraft:torch":48},"minecraft:killed_by":{"minecraft:player":1,"monsterplus:crystal_zombie":1,"alexsmobs:cachalot_whale":1},"minecraft:picked_up":{"minecraft:coarse_dirt":2,"minecraft:water_bucket":1,"minecraft:leather":4,"minecraft:lead":2,"minecraft:potato":16,"minecraft:enchanted_book":1,"alexsmobs:cachalot_whale_tooth":1,"minecraft:dirt":17,"minecraft:paper":1,"minecraft:white_banner":4,"irons_spellbooks:iron_spell_book":1,"minecraft:bone":6,"minecraft:wheat_seeds":2,"minecraft:cobbled_deepslate":29,"minecraft:raw_iron":11,"apotheosis:gem":1,"minecraft:poisonous_potato":2,"minecraft:redstone":9,"hexerei:sage_seed":2,"monsterplus:crystal_clump":1,"dannys_expansion:gel":5,"minecraft:arrow":2,"minecraft:rotten_flesh":10,"minecraft:deepslate":1,"minecraft:diamond":2,"monsterplus:crystal_shard":3,"simple_mobs:crystal_chestplate":2,"minecraft:iron_block":1,"minecraft:granite":5,"minecraft:bone_meal":11,"minecraft:cobblestone":10}},"DataVersion":2975}