{"stats":{"minecraft:used":{"minecraft:iron_shovel":17,"minecraft:iron_sword":49,"minecraft:stone_hoe":1,"minecraft:stick":1,"minecraft:torch":25,"minecraft:dirt":1,"minecraft:iron_axe":34,"minecraft:bow":5,"minecraft:sweet_berries":5,"minecraft:potato":1,"minecraft:acacia_planks":1,"minecraft:cobbled_deepslate":42,"minecraft:water_bucket":1,"minecraft:baked_potato":4,"minecraft:crafting_table":2,"minecraft:shears":15,"minecraft:iron_pickaxe":220,"minecraft:cobblestone":67,"minecraft:white_banner":3,"minecraft:cooked_porkchop":4,"minecraft:bone_meal":29},"minecraft:mined":{"minecraft:tuff":1,"minecraft:deepslate_diamond_ore":2,"minecraft:granite":5,"minecraft:grass_block":8,"minecraft:brown_wool":17,"quark:spruce_leaf_carpet":25,"minecraft:iron_ore":6,"minecraft:snow":3,"minecraft:moss_carpet":28,"supplementaries:stick":1,"minecraft:deepslate_iron_ore":7,"minecraft:stone":141,"minecraft:iron_block":3,"minecraft:spruce_slab":13,"alexsmobs:bison_carpet":18,"minecraft:oak_slab":3,"minecraft:tall_grass":1,"minecraft:cobblestone":2,"minecraft:wall_torch":1,"supplementaries:urn":1,"minecraft:birch_planks":1,"minecraft:coarse_dirt":17,"minecraft:stripped_spruce_wood":9,"minecraft:birch_leaves":1,"minecraft:grass":1,"quark:birch_chest":2,"alexsmobs:bison_fur_block":3,"minecraft:dirt":3,"minecraft:deepslate":35,"minecraft:infested_stone":1},"minecraft:dropped":{"minecraft:enchanted_book":1,"minecraft:oak_slab":3,"minecraft:birch_planks":1,"minecraft:wheat_seeds":2,"minecraft:poisonous_potato":2,"alexsmobs:bison_fur":9,"minecraft:stick":1,"minecraft:dirt":2,"minecraft:white_banner":3,"dannys_expansion:gel":2,"minecraft:acacia_planks":1,"minecraft:moss_carpet":27,"hexerei:animal_fat":2,"hexerei:sage_seed":2,"minecraft:coarse_dirt":10,"minecraft:deepslate":1,"minecraft:birch_sapling":2,"minecraft:rotten_flesh":11,"alexsmobs:bison_fur_block":2,"quark:spruce_leaf_carpet":23,"alexsmobs:cachalot_whale_tooth":1,"minecraft:filled_map":4,"minecraft:potato":1,"minecraft:shield":2,"alexsmobs:bison_carpet":27,"minecraft:spruce_slab":13,"irons_spellbooks:iron_spell_book":1,"minecraft:wooden_pickaxe":1,"minecraft:stripped_spruce_wood":9},"minecraft:custom":{"lootr:looted_stat":6,"minecraft:mob_kills":21,"minecraft:interact_with_crafting_table":14,"minecraft:open_barrel":11,"minecraft:leave_game":5,"minecraft:time_since_death":46567,"minecraft:climb_one_cm":2080,"minecraft:sprint_one_cm":86877,"champions:champion_mobs_killed":20,"minecraft:walk_one_cm":906283,"minecraft:drop":44,"minecraft:damage_dealt_absorbed":48,"minecraft:talked_to_villager":1,"minecraft:play_time":91171,"minecraft:deaths":3,"minecraft:sneak_time":5746,"minecraft:walk_under_water_one_cm":7483,"minecraft:jump":1057,"minecraft:walk_on_water_one_cm":10397,"minecraft:total_world_time":91171,"minecraft:interact_with_furnace":14,"minecraft:sleep_in_bed":1,"minecraft:time_since_rest":29362,"minecraft:damage_absorbed":12,"minecraft:damage_taken":1710,"minecraft:trigger_trapped_chest":7,"minecraft:damage_dealt":2383,"minecraft:swim_one_cm":19864,"minecraft:fly_one_cm":137073,"minecraft:open_chest":22,"minecraft:crouch_one_cm":33576,"minecraft:fall_one_cm":14952},"minecraft:killed":{"minecraft:spider":1,"monsterplus:crystal_zombie":4,"dannys_expansion:mundane_slime":4,"bloodandmadness:beast_patient":1,"minecraft:silverfish":1,"restored_earth:bouldering_zombie":1,"restored_earth:lobber_zombie":1,"dannys_expansion:ghoul":1,"minecraft:trader_llama":2,"minecraft:pillager":3,"minecraft:zombie":3,"simple_mobs:skeleton_demon":1},"minecraft:crafted":{"quark:birch_chest":1,"paraglider:paraglider":1,"sophisticatedbackpacks:backpack":1,"minecraft:baked_potato":5,"sophisticatedbackpacks:gold_backpack":1,"minecraft:air":119,"minecraft:compass":1,"minecraft:gold_ingot":6,"minecraft:torch":48},"minecraft:killed_by":{"minecraft:player":1,"monsterplus:crystal_zombie":1,"alexsmobs:cachalot_whale":1},"minecraft:picked_up":{"minecraft:coarse_dirt":16,"minecraft:lead":2,"minecraft:wooden_pickaxe":1,"alexsmobs:bison_fur_block":3,"minecraft:enchanted_book":3,"minecraft:shield":2,"minecraft:string":2,"minecraft:moss_carpet":27,"minecraft:cobbled_deepslate":29,"minecraft:iron_nugget":5,"minecraft:light_gray_wool":2,"minecraft:spruce_slab":13,"minecraft:birch_sapling":2,"minecraft:stick":2,"minecraft:raw_iron":13,"apotheosis:gem":2,"minecraft:torch":2,"quark:birch_chest":2,"minecraft:redstone":9,"hexerei:sage_seed":2,"monsterplus:crystal_clump":1,"dannys_expansion:gel":6,"minecraft:arrow":2,"minecraft:rotten_flesh":10,"simple_mobs:crystal_chestplate":2,"minecraft:iron_block":3,"minecraft:skeleton_skull":1,"minecraft:snowball":3,"minecraft:cobblestone":160,"minecraft:water_bucket":1,"minecraft:leather":5,"minecraft:brown_wool":17,"minecraft:potato":16,"minecraft:filled_map":3,"minecraft:birch_planks":1,"alexsmobs:cachalot_whale_tooth":1,"paraglider:spirit_orb":1,"minecraft:stripped_spruce_wood":9,"minecraft:lapis_lazuli":12,"minecraft:dirt":26,"minecraft:paper":1,"minecraft:white_banner":4,"minecraft:bone":6,"irons_spellbooks:iron_spell_book":1,"minecraft:acacia_planks":1,"minecraft:wheat_seeds":2,"minecraft:raw_gold":1,"minecraft:iron_sword":1,"hexerei:animal_fat":2,"minecraft:oak_slab":3,"irons_spellbooks:frozen_bone":3,"minecraft:sweet_berries":22,"minecraft:poisonous_potato":2,"alexsmobs:bison_carpet":44,"minecraft:diamond":2,"minecraft:deepslate":1,"monsterplus:crystal_shard":5,"quark:spruce_leaf_carpet":26,"minecraft:granite":5,"minecraft:crossbow":1,"minecraft:bone_meal":11}},"DataVersion":2975}