{"stats":{"minecraft:mined":{"minecraft:spruce_planks":8,"minecraft:spruce_trapdoor":2,"minecraft:granite":6,"minecraft:acacia_log":1,"minecraft:grass_block":57,"minecraft:brown_wool":20,"goblinsanddungeons:cracked_scoria_bricks":2,"goblinsanddungeons:urn":6,"minecraft:spawner":1,"quark:cocoa_beans_sack":1,"minecraft:iron_ore":63,"minecraft:moss_carpet":29,"minecraft:deepslate_lapis_ore":4,"supplementaries:stick":1,"minecraft:iron_block":9,"minecraft:spruce_slab":67,"alexsmobs:bison_carpet":30,"minecraft:deepslate_redstone_ore":8,"minecraft:blackstone":7,"goblinsanddungeons:scoria_brick_stairs":1,"minecraft:torch":1,"minecraft:poppy":1,"minecraft:dead_bush":2,"minecraft:cobblestone":11,"minecraft:wall_torch":2,"immersive_weathering:humus":5,"minecraft:grass":24,"quark:birch_chest":15,"minecraft:oak_log":3,"minecraft:dirt":8,"minecraft:oak_leaves":10,"minecraft:deepslate":753,"minecraft:emerald_block":2,"minecraft:tuff":118,"minecraft:mossy_cobblestone":5,"minecraft:deepslate_diamond_ore":19,"minecraft:glow_lichen":3,"immersive_weathering:birch_leaf_pile":9,"minecraft:cobbled_deepslate_slab":1,"minecraft:dark_oak_fence":2,"quark:spruce_leaf_carpet":25,"minecraft:spruce_leaves":4,"goblinsanddungeons:scoria_bricks":11,"minecraft:furnace":1,"minecraft:carrots":1,"minecraft:snow":6,"minecraft:andesite":16,"minecraft:stripped_spruce_log":4,"treechop:chopped_log":7,"minecraft:gold_block":4,"pineapple_delight:pineapple_wild_crop":1,"minecraft:deepslate_iron_ore":13,"minecraft:vine":1,"minecraft:stone":214,"minecraft:podzol":71,"minecraft:oak_slab":9,"minecraft:acacia_leaves":4,"minecraft:stripped_dark_oak_log":8,"goblinsanddungeons:scoria":22,"quark:spruce_bookshelf":5,"minecraft:tall_grass":9,"minecraft:deepslate_gold_ore":6,"supplementaries:urn":8,"minecraft:spruce_stairs":5,"minecraft:birch_planks":32,"minecraft:coarse_dirt":45,"minecraft:stripped_spruce_wood":17,"minecraft:redstone_torch":1,"minecraft:birch_leaves":1,"minecraft:coal_ore":61,"alexsmobs:bison_fur_block":8,"minecraft:lodestone":1,"minecraft:gravel":2,"minecraft:terracotta":1,"minecraft:infested_stone":1,"minecraft:fern":1},"minecraft:used":{"irons_spellbooks:inscription_table":1,"minecraft:iron_shovel":163,"minecraft:shield":35,"minecraft:iron_sword":224,"minecraft:carrot":30,"minecraft:acacia_sapling":1,"minecraft:snowball":4,"create:crafting_blueprint":1,"minecraft:lantern":2,"minecraft:birch_sapling":3,"minecraft:item_frame":11,"supplementaries:bomb_blue":1,"minecraft:bow":111,"minecraft:sweet_berries":16,"minecraft:furnace":4,"minecraft:egg":1,"minecraft:potato":24,"minecraft:golden_apple":1,"minecraft:shears":15,"minecraft:cobbled_deepslate_stairs":1,"minecraft:redstone_torch":2,"waystones:waystone":2,"quark:rope":2,"minecraft:bread":1,"minecraft:diamond_sword":46,"simple_mobs:crystal_leggings":1,"quark:cocoa_beans_sack":1,"minecraft:coarse_dirt":25,"minecraft:bone_meal":95,"minecraft:experience_bottle":1,"quark:birch_chest":28,"minecraft:stone_hoe":83,"minecraft:stick":1,"minecraft:torch":190,"minecraft:dirt":136,"minecraft:iron_axe":285,"minecraft:cobbled_deepslate":93,"minecraft:acacia_planks":1,"sophisticatedbackpacks:gold_backpack":1,"minecraft:wheat_seeds":17,"minecraft:cooked_mutton":13,"minecraft:water_bucket":8,"monsterplus:crystal_clump":1,"minecraft:birch_planks":196,"minecraft:baked_potato":56,"minecraft:birch_boat":1,"minecraft:glow_item_frame":1,"minecraft:crafting_table":6,"minecraft:smoker":1,"hexerei:sage_seed":6,"minecraft:iron_pickaxe":1400,"minecraft:spruce_sapling":4,"minecraft:cobblestone":138,"minecraft:cobbled_deepslate_slab":78,"minecraft:white_banner":3,"minecraft:cooked_porkchop":4,"minecraft:bucket":8},"minecraft:dropped":{"minecraft:birch_planks":1,"minecraft:glow_ink_sac":1,"minecraft:baked_potato":4,"bloodandmadness:beastblood_clump":4,"alexsmobs:bison_fur":9,"minecraft:red_carpet":1,"minecraft:dirt":9,"minecraft:snowball":3,"minecraft:iron_pickaxe":1,"hexerei:sage":7,"minecraft:bone":4,"minecraft:gravel":2,"minecraft:iron_nugget":8,"minecraft:cobbled_deepslate":159,"minecraft:birch_sapling":3,"minecraft:rotten_flesh":14,"alexsmobs:bison_fur_block":7,"quark:spruce_leaf_carpet":23,"alexsmobs:cachalot_whale_tooth":1,"sophisticatedbackpacks:smelting_upgrade":2,"supplementaries:ash":17,"alexsmobs:bison_carpet":51,"pineapple_delight:pineapple_crop":1,"minecraft:spruce_slab":13,"goblinsanddungeons:cracked_scoria_bricks":2,"minecraft:arrow":12,"minecraft:stone_hoe":2,"minecraft:enchanted_book":1,"minecraft:oak_slab":3,"minecraft:wheat_seeds":2,"minecraft:poisonous_potato":5,"minecraft:cobblestone":4,"bloodandmadness:pure_quicksilver":6,"minecraft:granite":1,"minecraft:stick":1,"bygonenether:cobbled_blackstone":2,"simple_mobs:crystal_leggings":2,"minecraft:white_banner":3,"dannys_expansion:gel":2,"sophisticatedbackpacks:crafting_upgrade":1,"minecraft:bucket":1,"minecraft:acacia_planks":1,"minecraft:smooth_basalt":4,"minecraft:moss_carpet":27,"hexerei:animal_fat":2,"hexerei:sage_seed":2,"minecraft:coarse_dirt":12,"minecraft:deepslate":2,"minecraft:tuff":3,"goblinsanddungeons:scoria_bricks":2,"minecraft:filled_map":8,"minecraft:diamond_sword":1,"minecraft:potato":17,"minecraft:shield":2,"minecraft:andesite":1,"irons_spellbooks:iron_spell_book":2,"bloodandmadness:blood_stone_shard":2,"minecraft:wooden_pickaxe":1,"minecraft:stripped_spruce_wood":9},"minecraft:custom":{"lootr:looted_stat":22,"minecraft:interact_with_crafting_table":41,"minecraft:open_barrel":11,"goblintraders:trade_with_goblin":39,"minecraft:leave_game":7,"minecraft:time_since_death":37455,"minecraft:sprint_one_cm":570818,"champions:champion_mobs_killed":74,"minecraft:damage_blocked_by_shield":964,"minecraft:drop":102,"minecraft:talked_to_villager":3,"minecraft:play_time":407607,"minecraft:deaths":13,"minecraft:jump":3551,"minecraft:walk_on_water_one_cm":41196,"minecraft:interact_with_furnace":41,"minecraft:sleep_in_bed":7,"minecraft:waystone_activated":3,"minecraft:damage_dealt":13571,"minecraft:crouch_one_cm":176849,"minecraft:horse_one_cm":29077,"minecraft:mob_kills":95,"minecraft:interact_with_campfire":13,"minecraft:climb_one_cm":40376,"minecraft:walk_one_cm":3382126,"minecraft:damage_dealt_absorbed":1234,"minecraft:sneak_time":26816,"minecraft:walk_under_water_one_cm":23665,"minecraft:total_world_time":407607,"minecraft:time_since_rest":17145,"minecraft:damage_absorbed":200,"minecraft:damage_taken":8297,"minecraft:trigger_trapped_chest":8,"minecraft:swim_one_cm":45207,"minecraft:fly_one_cm":638780,"minecraft:open_chest":143,"minecraft:fall_one_cm":59149},"minecraft:killed":{"simple_mobs:hobgob":1,"minecraft:spider":4,"monsterplus:crystal_zombie":6,"minecraft:skeleton":2,"monsterplus:glow_skeleton":1,"bloodandmadness:beast_patient":1,"goblinsanddungeons:garch":10,"goblinsanddungeons:goom":1,"minecraft:silverfish":1,"bloodandmadness:silverbeast":2,"simple_mobs:gobber":5,"minecraft:trader_llama":2,"minecraft:pillager":3,"goblinsanddungeons:hobgob":1,"minecraft:zombie":11,"goblinsanddungeons:goblo":1,"bloodandmadness:cloaked_beast_patient":1,"simple_mobs:giant":2,"dannys_expansion:mundane_slime":4,"goblinsanddungeons:goblin_king":1,"bloodandmadness:brainsucker":1,"restored_earth:bouldering_zombie":1,"simple_mobs:minotaur":1,"restored_earth:lobber_zombie":1,"simple_mobs:goom":2,"goblinsanddungeons:gob":2,"dannys_expansion:ghoul":1,"minecraft:squid":1,"simple_mobs:skeleton_demon":1,"simple_mobs:gob":7,"simple_mobs:goblo":3,"simple_mobs:cave_blockhead":1},"minecraft:crafted":{"quark:birch_chest":1,"simple_mobs:crystal_chestplate":1,"minecraft:stone_hoe":1,"sophisticatedbackpacks:backpack":1,"minecraft:crafting_table":1,"minecraft:baked_potato":37,"sophisticatedbackpacks:upgrade_base":3,"minecraft:charcoal":3,"minecraft:stick":8,"minecraft:iron_ingot":83,"minecraft:compass":1,"minecraft:iron_pickaxe":2,"minecraft:gold_ingot":6,"minecraft:furnace":1,"minecraft:iron_axe":2,"minecraft:cobbled_deepslate_stairs":4,"paraglider:paraglider":1,"simple_mobs:crystal_helmet":1,"sophisticatedbackpacks:gold_backpack":1,"minecraft:air":1239,"minecraft:iron_leggings":1,"minecraft:acacia_planks":4,"minecraft:torch":76},"minecraft:broken":{"simple_mobs:crystal_helmet":1,"minecraft:iron_sword":1,"minecraft:iron_pickaxe":3},"minecraft:killed_by":{"monsterplus:crystal_zombie":4,"alexsmobs:cachalot_whale":1,"goblinsanddungeons:goblin_king":4,"goblinsanddungeons:gob":1,"simple_mobs:gobber":1,"minecraft:player":1,"simple_mobs:gob":1},"minecraft:picked_up":{"minecraft:iron_chestplate":1,"minecraft:wheat":8,"minecraft:chainmail_boots":1,"supplementaries:bomb_blue":1,"minecraft:lead":2,"alexsmobs:bison_fur_block":8,"minecraft:enchanted_book":3,"minecraft:string":4,"minecraft:armor_stand":2,"minecraft:pufferfish":1,"minecraft:beetroot":2,"minecraft:cobbled_deepslate":749,"minecraft:bucket":1,"minecraft:spruce_planks":8,"minecraft:redstone_torch":1,"minecraft:iron_pickaxe":1,"bloodandmadness:pure_quicksilver":3,"minecraft:furnace":1,"minecraft:stick":15,"apotheosis:gem":2,"minecraft:acacia_log":3,"minecraft:torch":6,"minecraft:spruce_stairs":2,"monsterplus:crystal_clump":3,"dannys_expansion:gel":6,"minecraft:rotten_flesh":33,"minecraft:tropical_fish":1,"minecraft:iron_block":9,"create:crafting_blueprint":2,"supplementaries:ash":34,"bloodandmadness:siderite_nugget":1,"bloodandmadness:blood_stone_shard":3,"minecraft:snowball":10,"alexsmobs:flying_fish":1,"minecraft:cobblestone":254,"minecraft:birch_log":40,"minecraft:leather_chestplate":2,"minecraft:feather":8,"minecraft:water_bucket":1,"minecraft:andesite":9,"minecraft:brown_wool":20,"minecraft:potato":138,"paraglider:spirit_orb":1,"minecraft:tuff":119,"minecraft:stripped_spruce_wood":17,"quark:cocoa_beans_sack":1,"minecraft:lapis_lazuli":42,"minecraft:dirt":163,"simple_mobs:crystal_helmet":2,"minecraft:bone":11,"irons_spellbooks:iron_spell_book":2,"goblinsanddungeons:scoria_bricks":8,"minecraft:acacia_planks":1,"minecraft:bow":3,"minecraft:wheat_seeds":20,"minecraft:raw_gold":7,"minecraft:cobbled_deepslate_slab":1,"minecraft:stone_hoe":1,"hexerei:animal_fat":2,"irons_spellbooks:frozen_bone":3,"minecraft:poisonous_potato":5,"hexerei:sage":7,"minecraft:stripped_spruce_log":4,"minecraft:ink_sac":3,"minecraft:spectral_arrow":1,"alexsmobs:bison_carpet":68,"minecraft:mossy_cobblestone":5,"simple_mobs:crystal_leggings":1,"minecraft:diamond":19,"minecraft:deepslate":2,"waystones:waystone":1,"minecraft:crossbow":3,"minecraft:granite":6,"minecraft:bone_meal":11,"minecraft:emerald":1,"minecraft:bread":1,"minecraft:oak_sapling":1,"minecraft:dark_oak_fence":2,"minecraft:charcoal":1,"minecraft:coarse_dirt":43,"bloodandmadness:twin_blood_stone_shards":1,"minecraft:chicken":2,"minecraft:turtle_helmet":1,"minecraft:leather_leggings":1,"minecraft:brown_mushroom":1,"minecraft:wooden_pickaxe":1,"minecraft:gold_block":4,"minecraft:shield":2,"minecraft:moss_carpet":27,"minecraft:item_frame":6,"minecraft:iron_nugget":18,"minecraft:light_gray_wool":2,"minecraft:spruce_slab":81,"minecraft:birch_sapling":7,"minecraft:spruce_trapdoor":2,"minecraft:egg":3,"minecraft:raw_iron":76,"bygonenether:cobbled_blackstone":10,"quark:birch_chest":15,"minecraft:carrot":66,"minecraft:redstone":42,"bloodandmadness:beastblood_clump":3,"goblinsanddungeons:goblin_crown":1,"hexerei:sage_seed":8,"minecraft:arrow":33,"minecraft:beetroot_seeds":5,"simple_mobs:crystal_chestplate":2,"minecraft:saddle":1,"minecraft:skeleton_skull":1,"goblinsanddungeons:cracked_scoria_bricks":4,"minecraft:glow_ink_sac":9,"minecraft:leather":19,"minecraft:birch_planks":237,"minecraft:filled_map":5,"alexsmobs:cachalot_whale_tooth":1,"minecraft:oak_log":3,"minecraft:gunpowder":1,"minecraft:paper":1,"minecraft:white_banner":4,"minecraft:cooked_mutton":13,"simple_mobs:lootbag":2,"minecraft:red_carpet":2,"simple_mobs:cavefragment":1,"sophisticatedbackpacks:smelting_upgrade":1,"quark:music_disc_chatter":1,"goblinsanddungeons:scoria":19,"minecraft:iron_sword":1,"minecraft:acacia_sapling":1,"minecraft:book":15,"minecraft:oak_slab":9,"minecraft:smooth_basalt":2,"minecraft:emerald_block":2,"minecraft:sweet_berries":48,"minecraft:gravel":2,"minecraft:spruce_sapling":9,"minecraft:spruce_log":25,"minecraft:spider_eye":1,"minecraft:leather_helmet":1,"monsterplus:crystal_shard":9,"quark:spruce_leaf_carpet":26,"simple_mobs:giant_eye_fragment":2,"minecraft:lodestone":1,"minecraft:terracotta":1,"pineapple_delight:pineapple_crop":1,"minecraft:stripped_dark_oak_log":8,"minecraft:coal":61}},"DataVersion":2975}