{"stats":{"minecraft:mined":{"minecraft:tuff":1,"minecraft:deepslate_diamond_ore":2,"minecraft:granite":5,"minecraft:grass_block":4,"quark:spruce_leaf_carpet":22,"minecraft:tall_grass":1,"minecraft:wall_torch":1,"supplementaries:urn":1,"minecraft:coarse_dirt":9,"minecraft:iron_ore":4,"minecraft:moss_carpet":28,"supplementaries:stick":1,"quark:birch_chest":2,"minecraft:grass":1,"minecraft:deepslate_iron_ore":7,"minecraft:stone":8,"minecraft:iron_block":2,"minecraft:deepslate":35,"minecraft:infested_stone":1},"minecraft:used":{"minecraft:water_bucket":1,"minecraft:iron_shovel":1,"minecraft:baked_potato":4,"minecraft:iron_sword":49,"minecraft:stone_hoe":1,"minecraft:stick":1,"minecraft:torch":14,"minecraft:dirt":1,"minecraft:crafting_table":1,"minecraft:iron_axe":4,"minecraft:iron_pickaxe":80,"minecraft:sweet_berries":3,"minecraft:white_banner":3,"minecraft:cooked_porkchop":4,"minecraft:potato":1,"minecraft:acacia_planks":1,"minecraft:bone_meal":29},"minecraft:dropped":{"minecraft:moss_carpet":27,"hexerei:sage_seed":2,"minecraft:wheat_seeds":2,"minecraft:coarse_dirt":4,"minecraft:deepslate":1,"minecraft:poisonous_potato":2,"minecraft:rotten_flesh":11,"quark:spruce_leaf_carpet":22,"alexsmobs:cachalot_whale_tooth":1,"minecraft:stick":1,"minecraft:filled_map":4,"minecraft:potato":1,"minecraft:white_banner":3,"irons_spellbooks:iron_spell_book":1,"dannys_expansion:gel":1,"minecraft:acacia_planks":1},"minecraft:custom":{"lootr:looted_stat":2,"minecraft:interact_with_furnace":14,"minecraft:mob_kills":20,"minecraft:interact_with_crafting_table":11,"minecraft:open_barrel":5,"minecraft:leave_game":4,"minecraft:time_since_death":26175,"minecraft:sleep_in_bed":1,"minecraft:climb_one_cm":1380,"minecraft:time_since_rest":8970,"champions:champion_mobs_killed":19,"minecraft:sprint_one_cm":86828,"minecraft:walk_one_cm":784137,"minecraft:damage_taken":1700,"minecraft:damage_absorbed":12,"minecraft:drop":24,"minecraft:damage_dealt":2383,"minecraft:damage_dealt_absorbed":48,"minecraft:swim_one_cm":19864,"minecraft:talked_to_villager":1,"minecraft:fly_one_cm":133501,"minecraft:open_chest":20,"minecraft:crouch_one_cm":17015,"minecraft:play_time":70779,"minecraft:deaths":3,"minecraft:sneak_time":2451,"minecraft:walk_under_water_one_cm":7483,"minecraft:jump":925,"minecraft:walk_on_water_one_cm":10397,"minecraft:total_world_time":70779,"minecraft:fall_one_cm":13103},"minecraft:killed":{"restored_earth:lobber_zombie":1,"minecraft:spider":1,"dannys_expansion:ghoul":1,"monsterplus:crystal_zombie":3,"dannys_expansion:mundane_slime":4,"minecraft:trader_llama":2,"minecraft:pillager":3,"minecraft:zombie":3,"simple_mobs:skeleton_demon":1,"bloodandmadness:beast_patient":1,"minecraft:silverfish":1,"restored_earth:bouldering_zombie":1},"minecraft:crafted":{"sophisticatedbackpacks:backpack":1,"quark:birch_chest":1,"minecraft:baked_potato":5,"sophisticatedbackpacks:gold_backpack":1,"minecraft:air":32,"minecraft:compass":1,"minecraft:gold_ingot":6,"minecraft:torch":48},"minecraft:killed_by":{"minecraft:player":1,"monsterplus:crystal_zombie":1,"alexsmobs:cachalot_whale":1},"minecraft:picked_up":{"minecraft:coarse_dirt":6,"minecraft:water_bucket":1,"minecraft:leather":5,"minecraft:lead":2,"paraglider:spirit_orb":1,"minecraft:wooden_pickaxe":1,"minecraft:potato":16,"minecraft:filled_map":3,"minecraft:enchanted_book":2,"alexsmobs:cachalot_whale_tooth":1,"minecraft:shield":2,"minecraft:string":2,"minecraft:lapis_lazuli":12,"minecraft:moss_carpet":27,"minecraft:dirt":18,"minecraft:paper":1,"minecraft:white_banner":4,"irons_spellbooks:iron_spell_book":1,"minecraft:bone":6,"minecraft:acacia_planks":1,"minecraft:wheat_seeds":2,"minecraft:cobbled_deepslate":29,"minecraft:raw_gold":1,"minecraft:iron_nugget":5,"minecraft:birch_sapling":2,"minecraft:iron_sword":1,"hexerei:animal_fat":2,"minecraft:stick":2,"minecraft:raw_iron":11,"apotheosis:gem":2,"irons_spellbooks:frozen_bone":3,"minecraft:sweet_berries":22,"minecraft:poisonous_potato":2,"quark:birch_chest":2,"minecraft:redstone":9,"hexerei:sage_seed":2,"monsterplus:crystal_clump":1,"dannys_expansion:gel":6,"minecraft:arrow":2,"minecraft:rotten_flesh":10,"minecraft:deepslate":1,"minecraft:diamond":2,"monsterplus:crystal_shard":5,"simple_mobs:crystal_chestplate":2,"quark:spruce_leaf_carpet":22,"minecraft:crossbow":1,"minecraft:iron_block":2,"minecraft:granite":5,"minecraft:bone_meal":11,"minecraft:skeleton_skull":1,"minecraft:cobblestone":31}},"DataVersion":2975}