{"stats":{"minecraft:dropped":{"irons_spellbooks:iron_spell_book":1},"minecraft:picked_up":{"dannys_expansion:gel":1,"irons_spellbooks:iron_spell_book":1},"minecraft:killed_by":{"minecraft:player":1},"minecraft:mined":{"minecraft:grass":1},"minecraft:custom":{"minecraft:time_since_rest":1178,"minecraft:deaths":1,"minecraft:walk_one_cm":32971,"minecraft:crouch_one_cm":141,"minecraft:play_time":3055,"champions:champion_mobs_killed":1,"minecraft:sprint_one_cm":2841,"minecraft:damage_taken":183,"minecraft:damage_absorbed":12,"minecraft:sneak_time":84,"minecraft:mob_kills":1,"minecraft:drop":1,"minecraft:jump":25,"minecraft:damage_dealt":4,"minecraft:leave_game":1,"minecraft:time_since_death":1146,"minecraft:total_world_time":3055,"minecraft:fall_one_cm":627,"minecraft:fly_one_cm":4931},"minecraft:killed":{"dannys_expansion:mundane_slime":1}},"DataVersion":2975}