{"stats":{"minecraft:mined":{"minecraft:tuff":9,"minecraft:deepslate_diamond_ore":2,"immersive_weathering:birch_leaf_pile":9,"minecraft:spruce_trapdoor":2,"minecraft:glow_lichen":3,"minecraft:granite":5,"minecraft:dark_oak_fence":2,"minecraft:cobbled_deepslate_slab":1,"minecraft:acacia_log":1,"minecraft:grass_block":50,"minecraft:brown_wool":20,"quark:spruce_leaf_carpet":25,"goblinsanddungeons:urn":1,"minecraft:furnace":1,"minecraft:carrots":1,"minecraft:iron_ore":8,"minecraft:snow":6,"treechop:chopped_log":5,"minecraft:moss_carpet":29,"minecraft:deepslate_lapis_ore":4,"supplementaries:stick":1,"minecraft:deepslate_iron_ore":9,"minecraft:stone":212,"minecraft:iron_block":3,"minecraft:spruce_slab":67,"minecraft:podzol":71,"alexsmobs:bison_carpet":30,"minecraft:deepslate_redstone_ore":6,"minecraft:oak_slab":9,"minecraft:acacia_leaves":3,"minecraft:blackstone":7,"minecraft:stripped_dark_oak_log":4,"quark:spruce_bookshelf":5,"minecraft:poppy":1,"minecraft:dead_bush":2,"minecraft:tall_grass":7,"minecraft:cobblestone":2,"minecraft:deepslate_gold_ore":6,"minecraft:wall_torch":2,"supplementaries:urn":1,"minecraft:spruce_stairs":5,"minecraft:birch_planks":32,"minecraft:coarse_dirt":38,"minecraft:stripped_spruce_wood":17,"minecraft:birch_leaves":1,"immersive_weathering:humus":5,"minecraft:grass":20,"quark:birch_chest":15,"minecraft:oak_log":3,"alexsmobs:bison_fur_block":8,"minecraft:gravel":2,"minecraft:dirt":6,"minecraft:oak_leaves":8,"minecraft:fern":1,"minecraft:deepslate":327,"minecraft:infested_stone":1},"minecraft:used":{"irons_spellbooks:inscription_table":1,"quark:birch_chest":28,"minecraft:iron_shovel":163,"minecraft:iron_sword":109,"minecraft:stone_hoe":83,"minecraft:stick":1,"minecraft:torch":71,"minecraft:dirt":135,"minecraft:carrot":29,"create:crafting_blueprint":1,"minecraft:lantern":2,"minecraft:iron_axe":233,"minecraft:birch_sapling":3,"minecraft:item_frame":11,"minecraft:bow":42,"minecraft:sweet_berries":8,"minecraft:furnace":3,"minecraft:potato":23,"minecraft:acacia_planks":1,"minecraft:cobbled_deepslate":93,"minecraft:wheat_seeds":11,"minecraft:water_bucket":8,"minecraft:birch_planks":196,"monsterplus:crystal_clump":1,"minecraft:baked_potato":24,"minecraft:glow_item_frame":1,"minecraft:crafting_table":5,"minecraft:smoker":1,"minecraft:cobbled_deepslate_stairs":1,"minecraft:shears":15,"quark:rope":2,"hexerei:sage_seed":6,"minecraft:bread":1,"minecraft:iron_pickaxe":622,"minecraft:cobblestone":138,"minecraft:cobbled_deepslate_slab":78,"minecraft:white_banner":3,"minecraft:cooked_porkchop":4,"simple_mobs:crystal_leggings":1,"minecraft:bucket":7,"minecraft:coarse_dirt":21,"minecraft:bone_meal":95,"minecraft:experience_bottle":1},"minecraft:dropped":{"minecraft:enchanted_book":1,"minecraft:stone_hoe":2,"minecraft:oak_slab":3,"minecraft:birch_planks":1,"minecraft:wheat_seeds":2,"minecraft:glow_ink_sac":1,"minecraft:poisonous_potato":4,"minecraft:cobblestone":4,"bloodandmadness:pure_quicksilver":6,"bloodandmadness:beastblood_clump":4,"alexsmobs:bison_fur":9,"minecraft:stick":1,"minecraft:dirt":9,"bygonenether:cobbled_blackstone":2,"minecraft:snowball":3,"simple_mobs:crystal_leggings":2,"minecraft:white_banner":3,"dannys_expansion:gel":2,"sophisticatedbackpacks:crafting_upgrade":1,"minecraft:acacia_planks":1,"hexerei:sage":7,"minecraft:smooth_basalt":4,"minecraft:bone":4,"minecraft:gravel":2,"minecraft:moss_carpet":27,"hexerei:animal_fat":2,"hexerei:sage_seed":2,"minecraft:iron_nugget":5,"minecraft:coarse_dirt":10,"minecraft:cobbled_deepslate":159,"minecraft:deepslate":2,"minecraft:tuff":3,"minecraft:birch_sapling":2,"minecraft:rotten_flesh":13,"alexsmobs:bison_fur_block":7,"quark:spruce_leaf_carpet":23,"alexsmobs:cachalot_whale_tooth":1,"sophisticatedbackpacks:smelting_upgrade":2,"minecraft:filled_map":8,"minecraft:potato":17,"minecraft:shield":2,"alexsmobs:bison_carpet":51,"bloodandmadness:blood_stone_shard":2,"minecraft:spruce_slab":13,"irons_spellbooks:iron_spell_book":1,"minecraft:arrow":12,"minecraft:wooden_pickaxe":1,"minecraft:stripped_spruce_wood":9},"minecraft:custom":{"lootr:looted_stat":15,"minecraft:mob_kills":51,"minecraft:interact_with_crafting_table":36,"minecraft:open_barrel":11,"minecraft:interact_with_campfire":13,"minecraft:leave_game":7,"minecraft:time_since_death":171492,"minecraft:climb_one_cm":31821,"champions:champion_mobs_killed":39,"minecraft:sprint_one_cm":245433,"minecraft:walk_one_cm":2090627,"minecraft:drop":84,"minecraft:damage_dealt_absorbed":464,"minecraft:talked_to_villager":2,"minecraft:play_time":269607,"minecraft:deaths":6,"minecraft:sneak_time":21376,"minecraft:walk_under_water_one_cm":10697,"minecraft:jump":2120,"minecraft:walk_on_water_one_cm":24381,"minecraft:total_world_time":269607,"minecraft:interact_with_furnace":34,"minecraft:sleep_in_bed":6,"minecraft:time_since_rest":12899,"minecraft:damage_taken":3656,"minecraft:damage_absorbed":160,"minecraft:trigger_trapped_chest":8,"minecraft:damage_dealt":4986,"minecraft:swim_one_cm":33995,"minecraft:fly_one_cm":375692,"minecraft:open_chest":103,"minecraft:crouch_one_cm":136821,"minecraft:fall_one_cm":32208,"minecraft:horse_one_cm":18160},"minecraft:killed":{"minecraft:spider":2,"simple_mobs:giant":1,"monsterplus:crystal_zombie":6,"minecraft:skeleton":1,"dannys_expansion:mundane_slime":4,"monsterplus:glow_skeleton":1,"bloodandmadness:beast_patient":1,"goblinsanddungeons:garch":2,"minecraft:silverfish":1,"restored_earth:bouldering_zombie":1,"bloodandmadness:silverbeast":1,"restored_earth:lobber_zombie":1,"dannys_expansion:ghoul":1,"minecraft:trader_llama":2,"minecraft:pillager":3,"minecraft:zombie":8,"simple_mobs:skeleton_demon":1,"simple_mobs:gob":4,"simple_mobs:goblo":2},"minecraft:crafted":{"quark:birch_chest":1,"minecraft:iron_axe":2,"minecraft:cobbled_deepslate_stairs":4,"simple_mobs:crystal_chestplate":1,"minecraft:stone_hoe":1,"paraglider:paraglider":1,"sophisticatedbackpacks:backpack":1,"minecraft:crafting_table":1,"simple_mobs:crystal_helmet":1,"minecraft:baked_potato":22,"sophisticatedbackpacks:gold_backpack":1,"sophisticatedbackpacks:upgrade_base":3,"minecraft:air":555,"minecraft:charcoal":3,"minecraft:compass":1,"minecraft:gold_ingot":6,"minecraft:iron_leggings":1,"minecraft:acacia_planks":4,"minecraft:torch":48},"minecraft:killed_by":{"minecraft:player":1,"monsterplus:crystal_zombie":4,"alexsmobs:cachalot_whale":1},"minecraft:picked_up":{"minecraft:iron_chestplate":1,"minecraft:coarse_dirt":37,"minecraft:wheat":4,"minecraft:chainmail_boots":1,"minecraft:leather_leggings":1,"minecraft:brown_mushroom":1,"minecraft:lead":2,"minecraft:wooden_pickaxe":1,"alexsmobs:bison_fur_block":8,"minecraft:enchanted_book":3,"minecraft:shield":2,"minecraft:string":2,"minecraft:moss_carpet":27,"minecraft:item_frame":6,"minecraft:armor_stand":2,"minecraft:pufferfish":1,"minecraft:cobbled_deepslate":323,"minecraft:iron_nugget":10,"minecraft:spruce_slab":81,"minecraft:light_gray_wool":2,"minecraft:birch_sapling":5,"minecraft:spruce_trapdoor":2,"bloodandmadness:pure_quicksilver":3,"minecraft:furnace":1,"minecraft:stick":11,"minecraft:raw_iron":17,"apotheosis:gem":2,"bygonenether:cobbled_blackstone":10,"minecraft:torch":4,"minecraft:acacia_log":1,"minecraft:spruce_stairs":2,"quark:birch_chest":15,"minecraft:carrot":37,"minecraft:redstone":33,"bloodandmadness:beastblood_clump":2,"hexerei:sage_seed":8,"monsterplus:crystal_clump":3,"dannys_expansion:gel":6,"minecraft:arrow":12,"minecraft:rotten_flesh":27,"minecraft:tropical_fish":1,"simple_mobs:crystal_chestplate":2,"minecraft:iron_block":3,"minecraft:saddle":1,"create:crafting_blueprint":2,"bloodandmadness:blood_stone_shard":2,"minecraft:skeleton_skull":1,"minecraft:snowball":6,"alexsmobs:flying_fish":1,"minecraft:cobblestone":245,"minecraft:birch_log":40,"minecraft:leather_chestplate":1,"minecraft:glow_ink_sac":9,"minecraft:water_bucket":1,"minecraft:leather":6,"minecraft:brown_wool":20,"minecraft:potato":93,"minecraft:filled_map":5,"minecraft:birch_planks":237,"paraglider:spirit_orb":1,"alexsmobs:cachalot_whale_tooth":1,"minecraft:stripped_spruce_wood":17,"minecraft:tuff":10,"minecraft:oak_log":3,"minecraft:lapis_lazuli":37,"minecraft:dirt":154,"minecraft:paper":1,"simple_mobs:crystal_helmet":1,"minecraft:white_banner":4,"simple_mobs:lootbag":1,"minecraft:cooked_mutton":13,"irons_spellbooks:iron_spell_book":1,"minecraft:bone":11,"minecraft:acacia_planks":1,"minecraft:wheat_seeds":14,"minecraft:raw_gold":7,"minecraft:cobbled_deepslate_slab":1,"sophisticatedbackpacks:smelting_upgrade":1,"minecraft:stone_hoe":1,"minecraft:iron_sword":1,"minecraft:book":15,"hexerei:animal_fat":2,"minecraft:oak_slab":9,"minecraft:smooth_basalt":2,"irons_spellbooks:frozen_bone":3,"minecraft:sweet_berries":25,"minecraft:poisonous_potato":4,"minecraft:gravel":2,"hexerei:sage":7,"minecraft:spectral_arrow":1,"alexsmobs:bison_carpet":68,"minecraft:leather_helmet":1,"simple_mobs:crystal_leggings":1,"minecraft:deepslate":2,"minecraft:diamond":2,"monsterplus:crystal_shard":7,"quark:spruce_leaf_carpet":26,"simple_mobs:giant_eye_fragment":1,"minecraft:granite":5,"minecraft:crossbow":3,"minecraft:bone_meal":11,"minecraft:oak_sapling":1,"minecraft:dark_oak_fence":2,"minecraft:stripped_dark_oak_log":4}},"DataVersion":2975}