{"stats":{"minecraft:crafted":{"minecraft:cooked_chicken":3,"minecraft:cooked_mutton":1,"minecraft:cooked_porkchop":10,"minecraft:baked_potato":20,"quark:oak_chest":2,"minecraft:iron_ingot":179,"minecraft:gold_ingot":36,"minecraft:cooked_beef":12,"alexsmobs:cooked_kangaroo_meat":3,"minecraft:air":798},"minecraft:picked_up":{"minecraft:chainmail_boots":1,"simple_mobs:toxic_gland":3,"minecraft:enchanted_book":13,"untamedwilds:flora_hemlock":4,"paraglider:goddess_statue":1,"minecraft:string":35,"minecraft:raw_copper":14,"minecraft:iron_leggings":1,"minecraft:beetroot":1,"minecraft:cobbled_deepslate":655,"minecraft:bucket":3,"minecraft:iron_pickaxe":3,"minecraft:iron_boots":1,"minecraft:furnace":2,"quark:music_disc_fire":1,"minecraft:stick":43,"apotheosis:gem":7,"minecraft:torch":34,"minecraft:acacia_log":2,"minecraft:porkchop":15,"minecraft:diorite":2,"monsterplus:crystal_clump":4,"dannys_expansion:gel":2,"minecraft:rotten_flesh":16,"supplementaries:antique_ink":2,"minecraft:iron_block":3,"create:asurine":1,"create:crafting_blueprint":2,"bloodandmadness:blood_stone_shard":2,"minecraft:cobblestone":596,"minecraft:birch_log":119,"immersive_weathering:mossy_stone":2,"minecraft:feather":8,"minecraft:andesite":45,"minecraft:potato":16,"paraglider:spirit_orb":6,"create:raw_zinc":12,"minecraft:tuff":89,"minecraft:stripped_spruce_wood":2,"minecraft:dirt":35,"minecraft:lapis_lazuli":44,"simple_mobs:crystal_helmet":1,"minecraft:lantern":1,"irons_spellbooks:iron_spell_book":1,"minecraft:bone":31,"goblinsanddungeons:scoria_bricks":5,"minecraft:acacia_planks":2,"minecraft:bow":2,"goblinsanddungeons:scoria_brick_slab":2,"minecraft:wheat_seeds":4,"minecraft:raw_gold":45,"minecraft:oak_planks":3,"hexerei:animal_fat":3,"untamedwilds:hide_bear_white":2,"minecraft:spectral_arrow":3,"minecraft:barrel":1,"alexsmobs:bison_carpet":1,"simple_mobs:crystal_leggings":2,"simple_mobs:vampire_heart":1,"minecraft:diamond":4,"minecraft:deepslate":3,"minecraft:crossbow":5,"minecraft:granite":10,"minecraft:golden_apple":1,"minecraft:spruce_button":1,"minecraft:bread":6,"minecraft:emerald":7,"minecraft:oak_sapling":14,"quark:yellow_framed_glass_pane":1,"sophisticatedbackpacks:gold_backpack":1,"minecraft:coarse_dirt":11,"minecraft:crafting_table":1,"bloodandmadness:twin_blood_stone_shards":1,"minecraft:chicken":4,"minecraft:shield":3,"minecraft:moss_carpet":30,"untamedwilds:food_bear_raw":3,"minecraft:iron_axe":1,"minecraft:compass":2,"minecraft:item_frame":2,"minecraft:iron_shovel":1,"bloodandmadness:blood_vial":8,"minecraft:beef":2,"simple_mobs:vampire_fang":1,"minecraft:iron_nugget":38,"minecraft:spruce_slab":6,"minecraft:sugar_cane":22,"minecraft:birch_sapling":24,"minecraft:spruce_trapdoor":4,"minecraft:egg":4,"minecraft:raw_iron":181,"sophisticatedbackpacks:crafting_upgrade":1,"minecraft:spruce_fence":1,"minecraft:carrot":43,"minecraft:redstone":135,"bloodandmadness:beastblood_clump":4,"goblinsanddungeons:goblin_crown":1,"minecraft:arrow":91,"minecraft:beetroot_seeds":1,"simple_mobs:crystal_chestplate":2,"untamedwilds:hide_bigcat_leopard":3,"minecraft:saddle":1,"minecraft:mutton":1,"minecraft:white_wool":1,"minecraft:skeleton_skull":1,"minecraft:glow_ink_sac":9,"minecraft:leather":6,"minecraft:filled_map":1,"minecraft:birch_planks":18,"minecraft:oak_log":10,"minecraft:golden_boots":1,"minecraft:white_banner":1,"minecraft:red_carpet":42,"untamedwilds:material_fat":1,"minecraft:stone_pickaxe":2,"sophisticatedbackpacks:smelting_upgrade":1,"simple_mobs:cavefragment":3,"goblinsanddungeons:scoria":101,"minecraft:iron_sword":3,"minecraft:oak_slab":6,"minecraft:smooth_basalt":3,"minecraft:dark_oak_slab":1,"minecraft:sweet_berries":43,"minecraft:gravel":7,"epicfight:uchigatana":2,"simple_mobs:blighted_meat":3,"minecraft:spider_eye":2,"minecraft:leather_helmet":1,"simple_mobs:largecavefragment":1,"goblinsanddungeons:scoria_brick_stairs":1,"minecraft:stone_axe":2,"monsterplus:crystal_shard":9,"quark:spruce_leaf_carpet":42,"minecraft:iron_helmet":1,"minecraft:baked_potato":4,"goblinsanddungeons:chiseled_scoria":1,"minecraft:stripped_dark_oak_log":2,"minecraft:coal":197,"minecraft:ender_pearl":2},"minecraft:killed_by":{"minecraft:creeper":1,"monsterplus:crystal_zombie":2,"quest_giver:quest_guard_villager":1,"monsterplus:glow_skeleton":1,"tinyskeletons:baby_skeleton":1},"minecraft:dropped":{"minecraft:iron_sword":2,"minecraft:glow_ink_sac":9,"minecraft:crafting_table":2,"minecraft:crossbow":3,"sophisticatedbackpacks:gold_backpack":1,"paraglider:spirit_orb":5,"create:crafting_blueprint":1,"minecraft:dirt":11,"goblinsanddungeons:scoria_brick_stairs":1,"minecraft:bone_meal":11,"minecraft:iron_pickaxe":3,"minecraft:bone":5,"goblinsanddungeons:scoria_brick_slab":2,"minecraft:gravel":2,"minecraft:stone_axe":3,"minecraft:compass":2,"minecraft:iron_nugget":5,"monsterplus:crystal_shard":5,"minecraft:stripped_dark_oak_log":2,"minecraft:beetroot":1,"minecraft:rotten_flesh":11,"minecraft:oak_planks":1,"quark:spruce_leaf_carpet":20,"simple_mobs:crystal_helmet":1,"simple_mobs:largecavefragment":1,"minecraft:beetroot_seeds":1,"simple_mobs:crystal_chestplate":2,"minecraft:egg":1,"minecraft:water_bucket":1,"minecraft:enchanted_book":3,"minecraft:wheat_seeds":4,"minecraft:feather":3,"minecraft:cobblestone":70,"minecraft:spectral_arrow":2,"minecraft:spruce_button":1,"minecraft:coal":50,"goblinsanddungeons:chiseled_scoria":1,"minecraft:diorite":1,"goblinsanddungeons:scoria":1,"minecraft:iron_leggings":1,"simple_mobs:crystal_leggings":1,"minecraft:iron_axe":1,"dannys_expansion:gel":2,"minecraft:iron_shovel":1,"minecraft:paper":1,"minecraft:string":39,"minecraft:bucket":3,"minecraft:smooth_basalt":1,"minecraft:redstone":9,"monsterplus:crystal_clump":1,"minecraft:furnace":1,"minecraft:moss_carpet":3,"minecraft:sweet_berries":17,"epicfight:uchigatana":2,"minecraft:coarse_dirt":6,"minecraft:deepslate":2,"minecraft:iron_boots":1,"minecraft:spruce_fence":1,"goblinsanddungeons:scoria_bricks":5,"minecraft:flint_and_steel":1,"minecraft:shield":1,"minecraft:spruce_trapdoor":2,"minecraft:iron_chestplate":1,"minecraft:andesite":1,"minecraft:spider_eye":1,"irons_spellbooks:iron_spell_book":1,"minecraft:bow":1,"minecraft:stone_pickaxe":3,"untamedwilds:flora_hemlock":2},"minecraft:custom":{"lootr:looted_stat":20,"minecraft:interact_with_crafting_table":39,"minecraft:open_barrel":15,"goblintraders:trade_with_goblin":52,"minecraft:leave_game":17,"minecraft:time_since_death":27417,"minecraft:sprint_one_cm":817190,"champions:champion_mobs_killed":106,"minecraft:drop":116,"minecraft:play_time":381935,"minecraft:deaths":6,"minecraft:jump":5669,"minecraft:walk_on_water_one_cm":78610,"minecraft:interact_with_furnace":89,"minecraft:sleep_in_bed":3,"minecraft:waystone_activated":4,"minecraft:damage_dealt":28173,"minecraft:player_kills":1,"minecraft:crouch_one_cm":176035,"minecraft:horse_one_cm":20099,"minecraft:mob_kills":148,"minecraft:climb_one_cm":39489,"minecraft:walk_one_cm":2968095,"minecraft:damage_dealt_absorbed":2061,"minecraft:sneak_time":32032,"minecraft:walk_under_water_one_cm":48690,"minecraft:boat_one_cm":349,"minecraft:total_world_time":381935,"minecraft:time_since_rest":27442,"minecraft:damage_taken":8705,"minecraft:damage_absorbed":264,"minecraft:trigger_trapped_chest":3,"minecraft:swim_one_cm":21768,"minecraft:fly_one_cm":1295978,"minecraft:open_chest":131,"minecraft:fall_one_cm":98254},"minecraft:mined":{"create:deepslate_zinc_ore":2,"minecraft:spruce_trapdoor":4,"minecraft:granite":11,"minecraft:grass_block":7,"goblinsanddungeons:urn":6,"minecraft:spawner":1,"immersive_weathering:mossy_stone":2,"minecraft:barrel":1,"minecraft:iron_ore":126,"minecraft:deepslate_lapis_ore":1,"create:asurine":2,"minecraft:iron_block":3,"minecraft:spruce_slab":6,"alexsmobs:bison_carpet":1,"minecraft:deepslate_redstone_ore":28,"minecraft:blackstone":1,"supplementaries:book_pile":2,"minecraft:torch":11,"goblinsanddungeons:chiseled_scoria":1,"minecraft:cobblestone":6,"minecraft:sugar_cane":10,"minecraft:oak_planks":2,"minecraft:wall_torch":19,"minecraft:dark_oak_slab":1,"minecraft:birch_log":15,"minecraft:grass":5,"minecraft:dirt":10,"minecraft:smooth_basalt":2,"minecraft:oak_leaves":24,"minecraft:deepslate":666,"create:zinc_ore":10,"minecraft:tuff":94,"minecraft:red_carpet":4,"minecraft:deepslate_diamond_ore":4,"quark:yellow_framed_glass_pane":1,"untamedwilds:flora_hemlock":4,"minecraft:spruce_fence":1,"quark:spruce_leaf_carpet":10,"minecraft:redstone_ore":2,"minecraft:furnace":1,"minecraft:andesite":45,"treechop:chopped_log":20,"minecraft:deepslate_iron_ore":38,"minecraft:vine":1,"minecraft:stone":505,"minecraft:oak_slab":6,"minecraft:stripped_dark_oak_log":2,"goblinsanddungeons:scoria":103,"minecraft:crafting_table":1,"goblinsanddungeons:scoria_brick_slab":2,"minecraft:spruce_button":2,"minecraft:copper_ore":4,"minecraft:tall_grass":5,"minecraft:deepslate_coal_ore":7,"minecraft:lapis_ore":7,"minecraft:deepslate_gold_ore":42,"minecraft:diorite":2,"supplementaries:urn":3,"minecraft:birch_planks":20,"minecraft:coarse_dirt":4,"minecraft:stripped_spruce_wood":2,"minecraft:ice":1,"minecraft:birch_leaves":8,"minecraft:coal_ore":152,"minecraft:gravel":2,"minecraft:acacia_planks":3,"minecraft:infested_stone":2,"paraglider:goddess_statue":1},"minecraft:used":{"quark:yellow_framed_glass_pane":1,"paraglider:goddess_statue":1,"minecraft:carrot":98,"minecraft:milk_bucket":1,"alexsmobs:bison_carpet":1,"create:crafting_blueprint":2,"minecraft:birch_sapling":16,"minecraft:dark_oak_slab":1,"minecraft:item_frame":2,"minecraft:red_carpet":42,"minecraft:bow":125,"minecraft:sweet_berries":41,"minecraft:oak_sapling":13,"minecraft:furnace":5,"minecraft:egg":2,"minecraft:stone_pickaxe":330,"minecraft:oak_planks":5,"minecraft:wooden_pickaxe":20,"minecraft:sugar_cane":13,"minecraft:golden_apple":1,"minecraft:crossbow":1,"minecraft:bread":15,"minecraft:andesite":32,"minecraft:coarse_dirt":5,"minecraft:bone_meal":1,"quark:birch_chest":3,"minecraft:cooked_chicken":9,"minecraft:torch":137,"minecraft:dirt":1,"alexsmobs:cooked_kangaroo_meat":3,"untamedwilds:food_bear_cooked":3,"minecraft:iron_axe":189,"goblinsanddungeons:scoria":2,"minecraft:barrel":1,"minecraft:smooth_basalt":2,"minecraft:cooked_beef":12,"minecraft:cobbled_deepslate":5,"minecraft:acacia_planks":3,"minecraft:cooked_mutton":1,"minecraft:water_bucket":21,"monsterplus:crystal_clump":3,"minecraft:birch_planks":421,"minecraft:baked_potato":40,"minecraft:cobblestone_slab":3,"minecraft:crafting_table":4,"minecraft:iron_pickaxe":1550,"minecraft:spruce_trapdoor":2,"minecraft:enchanted_book":2,"minecraft:cobblestone":18,"minecraft:white_banner":1,"minecraft:cooked_porkchop":10,"minecraft:bucket":23,"quark:oak_chest":2,"epicfight:uchigatana":782},"minecraft:killed":{"minecraft:cave_spider":1,"minecraft:witch":1,"simple_mobs:hobgob":1,"untamedwilds:wildebeest":1,"minecraft:spider":1,"monsterplus:crystal_zombie":9,"minecraft:skeleton":10,"monsterplus:glow_skeleton":1,"bloodandmadness:beast_patient":2,"goblinsanddungeons:garch":5,"goblinsanddungeons:goom":1,"minecraft:chicken":5,"minecraft:silverfish":5,"bloodandmadness:silverbeast":2,"minecraft:pig":7,"simple_mobs:gobber":7,"minecraft:creeper":1,"minecraft:pillager":15,"goblinsanddungeons:hobgob":1,"tinyskeletons:baby_skeleton":1,"minecraft:zombie":17,"bloodandmadness:cloaked_beast_patient":3,"dannys_expansion:mundane_slime":1,"goblinsanddungeons:goblin_king":1,"bloodandmadness:brainsucker":1,"simple_mobs:vampire":3,"simple_mobs:toxic_goop":2,"simple_mobs:cave_golem":1,"simple_mobs:minotaur":1,"restored_earth:lobber_zombie":1,"simple_mobs:goom":1,"goblinsanddungeons:gob":1,"untamedwilds:big_cat":1,"simple_mobs:weak_ogre":1,"simple_mobs:gob":12,"simple_mobs:goblo":1,"simple_mobs:cave_blockhead":2,"creeperoverhaul:savannah_creeper":1},"minecraft:broken":{"minecraft:iron_chestplate":1,"minecraft:iron_leggings":1,"minecraft:chainmail_boots":1,"minecraft:stone_pickaxe":2,"minecraft:iron_pickaxe":6}},"DataVersion":2975}