{"stats":{"minecraft:used":{"quark:birch_chest":3,"quark:yellow_framed_glass_pane":1,"minecraft:cooked_chicken":3,"minecraft:torch":121,"paraglider:goddess_statue":1,"minecraft:dirt":1,"alexsmobs:cooked_kangaroo_meat":3,"minecraft:carrot":51,"minecraft:milk_bucket":1,"create:crafting_blueprint":2,"alexsmobs:bison_carpet":1,"untamedwilds:food_bear_cooked":3,"minecraft:iron_axe":182,"minecraft:birch_sapling":16,"goblinsanddungeons:scoria":2,"minecraft:item_frame":2,"minecraft:smooth_basalt":2,"minecraft:bow":71,"minecraft:sweet_berries":32,"minecraft:furnace":5,"minecraft:oak_sapling":13,"minecraft:egg":2,"minecraft:cooked_beef":12,"minecraft:acacia_planks":3,"minecraft:cobbled_deepslate":5,"minecraft:cooked_mutton":1,"minecraft:water_bucket":12,"minecraft:birch_planks":421,"monsterplus:crystal_clump":3,"minecraft:stone_pickaxe":330,"minecraft:baked_potato":24,"minecraft:wooden_pickaxe":20,"minecraft:sugar_cane":13,"minecraft:crafting_table":4,"minecraft:crossbow":1,"minecraft:bread":13,"minecraft:iron_pickaxe":1202,"minecraft:spruce_trapdoor":2,"minecraft:enchanted_book":1,"minecraft:cobblestone":4,"minecraft:white_banner":1,"minecraft:cooked_porkchop":10,"minecraft:bucket":14,"quark:oak_chest":2,"minecraft:bone_meal":1,"minecraft:coarse_dirt":5,"epicfight:uchigatana":370},"minecraft:mined":{"create:zinc_ore":10,"create:deepslate_zinc_ore":2,"minecraft:tuff":78,"minecraft:deepslate_diamond_ore":4,"minecraft:spruce_trapdoor":4,"minecraft:granite":11,"quark:yellow_framed_glass_pane":1,"untamedwilds:flora_hemlock":4,"minecraft:grass_block":7,"quark:spruce_leaf_carpet":10,"minecraft:spawner":1,"minecraft:redstone_ore":2,"minecraft:furnace":1,"minecraft:iron_ore":109,"minecraft:andesite":1,"treechop:chopped_log":20,"minecraft:deepslate_lapis_ore":1,"create:asurine":2,"minecraft:vine":1,"minecraft:deepslate_iron_ore":35,"minecraft:stone":446,"minecraft:iron_block":3,"minecraft:spruce_slab":6,"alexsmobs:bison_carpet":1,"minecraft:deepslate_redstone_ore":28,"minecraft:oak_slab":6,"supplementaries:book_pile":1,"minecraft:blackstone":1,"minecraft:stripped_dark_oak_log":2,"goblinsanddungeons:scoria":65,"minecraft:crafting_table":1,"minecraft:torch":11,"goblinsanddungeons:scoria_brick_slab":1,"minecraft:spruce_button":2,"minecraft:tall_grass":5,"minecraft:copper_ore":4,"minecraft:cobblestone":5,"minecraft:deepslate_coal_ore":7,"minecraft:deepslate_gold_ore":23,"minecraft:lapis_ore":7,"minecraft:sugar_cane":10,"minecraft:diorite":2,"minecraft:wall_torch":16,"supplementaries:urn":3,"minecraft:birch_planks":20,"minecraft:coarse_dirt":4,"minecraft:stripped_spruce_wood":2,"minecraft:birch_log":15,"minecraft:ice":1,"minecraft:birch_leaves":8,"minecraft:grass":5,"minecraft:coal_ore":138,"minecraft:gravel":2,"minecraft:dirt":10,"minecraft:smooth_basalt":2,"minecraft:acacia_planks":3,"minecraft:oak_leaves":24,"minecraft:deepslate":542,"minecraft:infested_stone":1,"paraglider:goddess_statue":1},"minecraft:dropped":{"minecraft:enchanted_book":2,"minecraft:water_bucket":1,"minecraft:iron_sword":2,"minecraft:wheat_seeds":4,"minecraft:glow_ink_sac":9,"minecraft:crafting_table":2,"minecraft:feather":3,"minecraft:spectral_arrow":2,"minecraft:crossbow":3,"minecraft:cobblestone":70,"minecraft:spruce_button":1,"minecraft:coal":50,"paraglider:spirit_orb":5,"sophisticatedbackpacks:gold_backpack":1,"create:crafting_blueprint":1,"minecraft:dirt":11,"minecraft:diorite":1,"goblinsanddungeons:scoria":1,"minecraft:iron_leggings":1,"simple_mobs:crystal_leggings":1,"minecraft:bone_meal":11,"minecraft:iron_axe":1,"dannys_expansion:gel":2,"minecraft:iron_pickaxe":3,"minecraft:iron_shovel":1,"minecraft:paper":1,"minecraft:string":39,"minecraft:bucket":3,"minecraft:smooth_basalt":1,"minecraft:bone":5,"minecraft:redstone":9,"monsterplus:crystal_clump":1,"minecraft:gravel":2,"minecraft:furnace":1,"minecraft:stone_axe":3,"minecraft:moss_carpet":3,"minecraft:compass":2,"minecraft:sweet_berries":17,"epicfight:uchigatana":1,"minecraft:iron_nugget":5,"minecraft:coarse_dirt":4,"minecraft:deepslate":2,"monsterplus:crystal_shard":5,"minecraft:stripped_dark_oak_log":2,"minecraft:rotten_flesh":9,"minecraft:iron_boots":1,"quark:spruce_leaf_carpet":20,"simple_mobs:crystal_helmet":1,"simple_mobs:largecavefragment":1,"minecraft:flint_and_steel":1,"minecraft:shield":1,"minecraft:spruce_trapdoor":2,"minecraft:iron_chestplate":1,"minecraft:andesite":1,"minecraft:spider_eye":1,"irons_spellbooks:iron_spell_book":1,"simple_mobs:crystal_chestplate":2,"minecraft:bow":1,"minecraft:stone_pickaxe":3,"untamedwilds:flora_hemlock":2},"minecraft:custom":{"lootr:looted_stat":13,"minecraft:mob_kills":95,"minecraft:interact_with_crafting_table":37,"goblintraders:trade_with_goblin":52,"minecraft:open_barrel":11,"minecraft:leave_game":14,"minecraft:time_since_death":136079,"minecraft:climb_one_cm":34614,"champions:champion_mobs_killed":62,"minecraft:sprint_one_cm":672703,"minecraft:walk_one_cm":2356953,"minecraft:drop":101,"minecraft:damage_dealt_absorbed":1795,"minecraft:play_time":300175,"minecraft:deaths":5,"minecraft:sneak_time":19684,"minecraft:walk_under_water_one_cm":28710,"minecraft:boat_one_cm":349,"minecraft:jump":4719,"minecraft:walk_on_water_one_cm":39792,"minecraft:total_world_time":300175,"minecraft:interact_with_furnace":74,"minecraft:sleep_in_bed":3,"minecraft:time_since_rest":97049,"minecraft:waystone_activated":3,"minecraft:damage_taken":5590,"minecraft:damage_absorbed":229,"minecraft:trigger_trapped_chest":3,"minecraft:damage_dealt":18313,"minecraft:fly_one_cm":1113839,"minecraft:swim_one_cm":20100,"minecraft:player_kills":1,"minecraft:open_chest":104,"minecraft:crouch_one_cm":135962,"minecraft:fall_one_cm":78203,"minecraft:horse_one_cm":20099},"minecraft:killed":{"minecraft:cave_spider":1,"minecraft:witch":1,"bloodandmadness:cloaked_beast_patient":2,"minecraft:spider":1,"untamedwilds:wildebeest":1,"monsterplus:crystal_zombie":8,"minecraft:skeleton":7,"dannys_expansion:mundane_slime":1,"monsterplus:glow_skeleton":1,"bloodandmadness:brainsucker":1,"bloodandmadness:beast_patient":1,"goblinsanddungeons:garch":1,"simple_mobs:vampire":1,"minecraft:silverfish":1,"simple_mobs:toxic_goop":1,"simple_mobs:cave_golem":1,"bloodandmadness:silverbeast":2,"simple_mobs:minotaur":1,"minecraft:pig":7,"restored_earth:lobber_zombie":1,"minecraft:creeper":1,"untamedwilds:big_cat":1,"minecraft:pillager":15,"tinyskeletons:baby_skeleton":1,"minecraft:zombie":15,"simple_mobs:cave_blockhead":2,"creeperoverhaul:savannah_creeper":1},"minecraft:crafted":{"minecraft:cooked_chicken":3,"minecraft:cooked_mutton":1,"minecraft:cooked_beef":12,"minecraft:cooked_porkchop":10,"minecraft:baked_potato":4,"alexsmobs:cooked_kangaroo_meat":3,"minecraft:air":787,"quark:oak_chest":2,"minecraft:iron_ingot":151,"minecraft:gold_ingot":36},"minecraft:broken":{"minecraft:stone_pickaxe":2,"minecraft:iron_pickaxe":4},"minecraft:killed_by":{"minecraft:creeper":1,"monsterplus:crystal_zombie":2,"quest_giver:quest_guard_villager":1,"tinyskeletons:baby_skeleton":1},"minecraft:picked_up":{"sophisticatedbackpacks:gold_backpack":1,"minecraft:crafting_table":1,"minecraft:coarse_dirt":11,"minecraft:chainmail_boots":1,"bloodandmadness:twin_blood_stone_shards":1,"simple_mobs:toxic_gland":2,"minecraft:enchanted_book":8,"untamedwilds:flora_hemlock":4,"minecraft:shield":3,"minecraft:raw_copper":14,"minecraft:moss_carpet":30,"minecraft:string":33,"paraglider:goddess_statue":1,"minecraft:iron_axe":1,"untamedwilds:food_bear_raw":3,"minecraft:iron_leggings":1,"minecraft:item_frame":2,"minecraft:compass":2,"minecraft:iron_shovel":1,"bloodandmadness:blood_vial":5,"minecraft:cobbled_deepslate":534,"minecraft:bucket":3,"minecraft:beef":2,"minecraft:iron_nugget":37,"minecraft:iron_pickaxe":3,"minecraft:spruce_slab":6,"minecraft:egg":2,"minecraft:sugar_cane":22,"minecraft:birch_sapling":24,"minecraft:spruce_trapdoor":4,"minecraft:iron_boots":1,"minecraft:furnace":2,"quark:music_disc_fire":1,"minecraft:stick":43,"minecraft:raw_iron":161,"apotheosis:gem":4,"sophisticatedbackpacks:crafting_upgrade":1,"minecraft:torch":27,"minecraft:acacia_log":2,"minecraft:porkchop":15,"minecraft:diorite":2,"minecraft:carrot":43,"minecraft:redstone":135,"bloodandmadness:beastblood_clump":3,"monsterplus:crystal_clump":4,"dannys_expansion:gel":2,"minecraft:arrow":77,"minecraft:rotten_flesh":13,"simple_mobs:crystal_chestplate":2,"untamedwilds:hide_bigcat_leopard":3,"supplementaries:antique_ink":2,"minecraft:iron_block":3,"create:asurine":1,"minecraft:saddle":1,"create:crafting_blueprint":2,"minecraft:mutton":1,"bloodandmadness:blood_stone_shard":2,"minecraft:skeleton_skull":1,"minecraft:white_wool":1,"minecraft:cobblestone":537,"minecraft:birch_log":119,"minecraft:feather":3,"minecraft:glow_ink_sac":9,"minecraft:andesite":1,"minecraft:leather":2,"minecraft:potato":16,"minecraft:filled_map":1,"minecraft:birch_planks":18,"paraglider:spirit_orb":6,"minecraft:tuff":73,"minecraft:stripped_spruce_wood":2,"minecraft:oak_log":10,"create:raw_zinc":12,"minecraft:golden_boots":1,"minecraft:lapis_lazuli":44,"minecraft:dirt":35,"simple_mobs:crystal_helmet":1,"minecraft:white_banner":1,"irons_spellbooks:iron_spell_book":1,"minecraft:bone":27,"minecraft:acacia_planks":2,"untamedwilds:material_fat":1,"minecraft:bow":2,"minecraft:wheat_seeds":4,"minecraft:raw_gold":27,"minecraft:stone_pickaxe":2,"goblinsanddungeons:scoria":63,"sophisticatedbackpacks:smelting_upgrade":1,"simple_mobs:cavefragment":3,"minecraft:iron_sword":3,"hexerei:animal_fat":3,"minecraft:oak_slab":6,"minecraft:smooth_basalt":3,"minecraft:sweet_berries":34,"minecraft:gravel":7,"untamedwilds:hide_bear_white":2,"epicfight:uchigatana":1,"simple_mobs:blighted_meat":3,"minecraft:spectral_arrow":3,"minecraft:spider_eye":2,"alexsmobs:bison_carpet":1,"simple_mobs:largecavefragment":1,"simple_mobs:crystal_leggings":2,"minecraft:deepslate":3,"minecraft:diamond":4,"minecraft:stone_axe":2,"monsterplus:crystal_shard":9,"quark:spruce_leaf_carpet":42,"minecraft:iron_helmet":1,"minecraft:crossbow":5,"minecraft:granite":10,"minecraft:spruce_button":1,"minecraft:emerald":6,"minecraft:bread":6,"minecraft:baked_potato":4,"minecraft:oak_sapling":14,"quark:yellow_framed_glass_pane":1,"minecraft:stripped_dark_oak_log":2,"minecraft:coal":183,"minecraft:ender_pearl":2}},"DataVersion":2975}