{"stats":{"minecraft:killed_by":{"tinyskeletons:baby_skeleton":1,"minecraft:creeper":1,"monsterplus:crystal_zombie":1,"quest_giver:quest_guard_villager":1},"minecraft:crafted":{"minecraft:cooked_beef":3,"minecraft:cooked_porkchop":3,"minecraft:air":187,"minecraft:iron_ingot":65},"minecraft:mined":{"minecraft:deepslate_redstone_ore":2,"minecraft:torch":4,"minecraft:granite":11,"minecraft:grass_block":3,"minecraft:copper_ore":4,"minecraft:cobblestone":5,"minecraft:lapis_ore":3,"minecraft:diorite":1,"minecraft:wall_torch":5,"supplementaries:urn":2,"minecraft:iron_ore":76,"minecraft:andesite":1,"treechop:chopped_log":3,"minecraft:grass":3,"minecraft:coal_ore":92,"minecraft:dirt":10,"minecraft:deepslate_iron_ore":22,"minecraft:stone":409,"minecraft:oak_leaves":7,"minecraft:deepslate":6},"minecraft:broken":{"minecraft:stone_pickaxe":2,"minecraft:iron_pickaxe":1},"minecraft:picked_up":{"minecraft:glow_ink_sac":1,"minecraft:andesite":1,"minecraft:leather":1,"simple_mobs:toxic_gland":2,"minecraft:enchanted_book":2,"paraglider:spirit_orb":1,"minecraft:oak_log":10,"minecraft:shield":2,"minecraft:lapis_lazuli":12,"minecraft:string":2,"minecraft:dirt":24,"minecraft:raw_copper":13,"minecraft:bone":7,"bloodandmadness:blood_vial":3,"minecraft:cobbled_deepslate":6,"minecraft:raw_gold":4,"minecraft:stone_pickaxe":2,"minecraft:beef":2,"minecraft:iron_nugget":32,"simple_mobs:cavefragment":3,"minecraft:iron_sword":1,"hexerei:animal_fat":2,"minecraft:stick":2,"minecraft:raw_iron":115,"apotheosis:gem":3,"minecraft:sweet_berries":3,"minecraft:torch":10,"minecraft:porkchop":9,"epicfight:uchigatana":1,"minecraft:diorite":1,"minecraft:redstone":9,"simple_mobs:blighted_meat":3,"minecraft:spider_eye":1,"minecraft:spectral_arrow":2,"bloodandmadness:beastblood_clump":1,"simple_mobs:largecavefragment":1,"monsterplus:crystal_clump":1,"dannys_expansion:gel":2,"minecraft:arrow":7,"minecraft:rotten_flesh":3,"minecraft:stone_axe":2,"monsterplus:crystal_shard":4,"simple_mobs:crystal_chestplate":1,"minecraft:iron_helmet":1,"minecraft:crossbow":4,"minecraft:granite":10,"minecraft:bread":6,"minecraft:emerald":6,"minecraft:oak_sapling":13,"minecraft:coal":92,"minecraft:skeleton_skull":1,"minecraft:cobblestone":437,"minecraft:ender_pearl":1},"minecraft:dropped":{"minecraft:enchanted_book":1,"minecraft:stone_axe":3,"epicfight:uchigatana":1,"minecraft:glow_ink_sac":1,"monsterplus:crystal_shard":2,"minecraft:crossbow":3,"minecraft:rotten_flesh":3,"minecraft:spectral_arrow":2,"simple_mobs:largecavefragment":1,"minecraft:coal":21,"minecraft:shield":1,"minecraft:diorite":1,"minecraft:andesite":1,"minecraft:spider_eye":1,"simple_mobs:crystal_chestplate":1,"dannys_expansion:gel":2,"minecraft:stone_pickaxe":3,"minecraft:redstone":9},"minecraft:killed":{"simple_mobs:cave_golem":1,"minecraft:cave_spider":1,"simple_mobs:minotaur":1,"minecraft:pig":4,"minecraft:witch":1,"untamedwilds:wildebeest":1,"minecraft:spider":1,"monsterplus:crystal_zombie":2,"minecraft:skeleton":1,"dannys_expansion:mundane_slime":1,"minecraft:zombie":4,"bloodandmadness:beast_patient":1,"simple_mobs:toxic_goop":1,"simple_mobs:cave_blockhead":2},"minecraft:used":{"quark:birch_chest":1,"monsterplus:crystal_clump":1,"minecraft:stone_pickaxe":329,"minecraft:wooden_pickaxe":20,"minecraft:torch":38,"minecraft:dirt":1,"minecraft:crafting_table":2,"minecraft:crossbow":1,"minecraft:bread":12,"minecraft:iron_pickaxe":285,"minecraft:cobblestone":4,"minecraft:sweet_berries":3,"minecraft:oak_sapling":13,"minecraft:furnace":2,"minecraft:cooked_porkchop":3,"minecraft:cooked_beef":3,"minecraft:cobbled_deepslate":4,"epicfight:uchigatana":144},"minecraft:custom":{"minecraft:interact_with_furnace":42,"minecraft:mob_kills":29,"minecraft:interact_with_crafting_table":15,"minecraft:leave_game":2,"minecraft:time_since_death":1451,"minecraft:time_since_rest":1476,"champions:champion_mobs_killed":16,"minecraft:sprint_one_cm":179206,"minecraft:damage_absorbed":169,"minecraft:damage_taken":2055,"minecraft:walk_one_cm":613123,"minecraft:drop":26,"minecraft:damage_dealt":6045,"minecraft:damage_dealt_absorbed":1030,"minecraft:swim_one_cm":6223,"minecraft:fly_one_cm":280303,"minecraft:player_kills":1,"minecraft:open_chest":2,"minecraft:crouch_one_cm":34081,"minecraft:play_time":72586,"minecraft:deaths":4,"minecraft:sneak_time":6394,"minecraft:walk_under_water_one_cm":16702,"minecraft:jump":1277,"minecraft:walk_on_water_one_cm":21253,"minecraft:total_world_time":72586,"minecraft:fall_one_cm":21299}},"DataVersion":2975}