{"stats":{"minecraft:used":{"quark:birch_chest":3,"quark:yellow_framed_glass_pane":1,"minecraft:cooked_chicken":3,"minecraft:torch":80,"minecraft:dirt":1,"alexsmobs:cooked_kangaroo_meat":3,"minecraft:milk_bucket":1,"create:crafting_blueprint":2,"alexsmobs:bison_carpet":1,"minecraft:iron_axe":182,"minecraft:birch_sapling":16,"minecraft:item_frame":2,"minecraft:smooth_basalt":2,"minecraft:bow":67,"minecraft:sweet_berries":32,"minecraft:furnace":5,"minecraft:oak_sapling":13,"minecraft:cooked_beef":12,"minecraft:acacia_planks":3,"minecraft:cobbled_deepslate":5,"minecraft:cooked_mutton":1,"minecraft:water_bucket":2,"minecraft:birch_planks":421,"monsterplus:crystal_clump":1,"minecraft:stone_pickaxe":330,"minecraft:baked_potato":6,"minecraft:wooden_pickaxe":20,"minecraft:sugar_cane":13,"minecraft:crafting_table":4,"minecraft:crossbow":1,"minecraft:bread":12,"minecraft:iron_pickaxe":487,"minecraft:spruce_trapdoor":2,"minecraft:cobblestone":4,"minecraft:white_banner":1,"minecraft:cooked_porkchop":10,"minecraft:bucket":4,"quark:oak_chest":2,"minecraft:bone_meal":1,"minecraft:coarse_dirt":5,"epicfight:uchigatana":297},"minecraft:mined":{"create:zinc_ore":10,"minecraft:deepslate_diamond_ore":2,"minecraft:spruce_trapdoor":4,"minecraft:granite":11,"quark:yellow_framed_glass_pane":1,"untamedwilds:flora_hemlock":4,"minecraft:grass_block":3,"quark:spruce_leaf_carpet":10,"minecraft:redstone_ore":2,"minecraft:furnace":1,"minecraft:iron_ore":100,"minecraft:andesite":1,"treechop:chopped_log":20,"create:asurine":2,"minecraft:deepslate_iron_ore":31,"minecraft:stone":445,"minecraft:iron_block":1,"minecraft:spruce_slab":6,"alexsmobs:bison_carpet":1,"minecraft:deepslate_redstone_ore":20,"minecraft:oak_slab":6,"minecraft:blackstone":1,"minecraft:stripped_dark_oak_log":2,"minecraft:torch":9,"minecraft:crafting_table":1,"minecraft:spruce_button":2,"minecraft:tall_grass":2,"minecraft:copper_ore":4,"minecraft:cobblestone":5,"minecraft:deepslate_coal_ore":7,"minecraft:lapis_ore":7,"minecraft:sugar_cane":10,"minecraft:diorite":2,"minecraft:wall_torch":14,"supplementaries:urn":3,"minecraft:birch_planks":20,"minecraft:stripped_spruce_wood":2,"minecraft:birch_log":15,"minecraft:ice":1,"minecraft:birch_leaves":8,"minecraft:grass":3,"minecraft:coal_ore":138,"minecraft:dirt":10,"minecraft:smooth_basalt":2,"minecraft:acacia_planks":3,"minecraft:oak_leaves":7,"minecraft:deepslate":29,"minecraft:infested_stone":1,"paraglider:goddess_statue":1},"minecraft:dropped":{"minecraft:enchanted_book":2,"minecraft:water_bucket":1,"minecraft:iron_sword":2,"minecraft:wheat_seeds":1,"minecraft:glow_ink_sac":9,"minecraft:crafting_table":2,"minecraft:feather":3,"minecraft:spectral_arrow":2,"minecraft:crossbow":3,"minecraft:cobblestone":70,"minecraft:spruce_button":1,"minecraft:coal":50,"paraglider:spirit_orb":5,"sophisticatedbackpacks:gold_backpack":1,"create:crafting_blueprint":1,"minecraft:dirt":8,"minecraft:diorite":1,"minecraft:iron_leggings":1,"simple_mobs:crystal_leggings":1,"minecraft:bone_meal":11,"minecraft:iron_axe":1,"dannys_expansion:gel":2,"minecraft:iron_pickaxe":3,"minecraft:iron_shovel":1,"minecraft:paper":1,"minecraft:string":39,"minecraft:bucket":3,"minecraft:smooth_basalt":1,"minecraft:bone":5,"minecraft:redstone":9,"monsterplus:crystal_clump":1,"minecraft:gravel":2,"minecraft:furnace":1,"minecraft:stone_axe":3,"minecraft:moss_carpet":3,"minecraft:compass":1,"minecraft:sweet_berries":17,"epicfight:uchigatana":1,"minecraft:iron_nugget":5,"minecraft:coarse_dirt":2,"minecraft:deepslate":2,"monsterplus:crystal_shard":5,"minecraft:stripped_dark_oak_log":2,"minecraft:rotten_flesh":7,"minecraft:iron_boots":1,"quark:spruce_leaf_carpet":20,"simple_mobs:crystal_helmet":1,"simple_mobs:largecavefragment":1,"minecraft:flint_and_steel":1,"minecraft:shield":1,"minecraft:spruce_trapdoor":2,"minecraft:iron_chestplate":1,"minecraft:andesite":1,"minecraft:spider_eye":1,"irons_spellbooks:iron_spell_book":1,"simple_mobs:crystal_chestplate":2,"minecraft:bow":1,"minecraft:stone_pickaxe":3,"untamedwilds:flora_hemlock":2},"minecraft:custom":{"lootr:looted_stat":9,"minecraft:mob_kills":79,"minecraft:interact_with_crafting_table":36,"goblintraders:trade_with_goblin":30,"minecraft:open_barrel":11,"minecraft:leave_game":13,"minecraft:time_since_death":61035,"minecraft:climb_one_cm":24806,"champions:champion_mobs_killed":51,"minecraft:sprint_one_cm":477876,"minecraft:walk_one_cm":1815363,"minecraft:drop":89,"minecraft:damage_dealt_absorbed":1694,"minecraft:play_time":225131,"minecraft:deaths":5,"minecraft:sneak_time":15766,"minecraft:walk_under_water_one_cm":21723,"minecraft:jump":3476,"minecraft:walk_on_water_one_cm":32366,"minecraft:total_world_time":225131,"minecraft:interact_with_furnace":67,"minecraft:sleep_in_bed":3,"minecraft:time_since_rest":22005,"minecraft:waystone_activated":1,"minecraft:damage_taken":4459,"minecraft:damage_absorbed":229,"minecraft:trigger_trapped_chest":3,"minecraft:damage_dealt":14751,"minecraft:fly_one_cm":737414,"minecraft:swim_one_cm":14960,"minecraft:player_kills":1,"minecraft:open_chest":87,"minecraft:crouch_one_cm":117603,"minecraft:fall_one_cm":57407,"minecraft:horse_one_cm":13332},"minecraft:killed":{"minecraft:cave_spider":1,"minecraft:witch":1,"bloodandmadness:cloaked_beast_patient":1,"minecraft:spider":1,"untamedwilds:wildebeest":1,"monsterplus:crystal_zombie":6,"minecraft:skeleton":5,"dannys_expansion:mundane_slime":1,"bloodandmadness:beast_patient":1,"minecraft:silverfish":1,"simple_mobs:toxic_goop":1,"simple_mobs:cave_golem":1,"bloodandmadness:silverbeast":1,"simple_mobs:minotaur":1,"minecraft:pig":7,"minecraft:creeper":1,"untamedwilds:big_cat":1,"minecraft:pillager":15,"tinyskeletons:baby_skeleton":1,"minecraft:zombie":12,"simple_mobs:cave_blockhead":2,"creeperoverhaul:savannah_creeper":1},"minecraft:crafted":{"minecraft:cooked_chicken":3,"minecraft:cooked_mutton":1,"minecraft:cooked_beef":12,"minecraft:cooked_porkchop":10,"minecraft:baked_potato":4,"alexsmobs:cooked_kangaroo_meat":3,"minecraft:air":762,"quark:oak_chest":2,"minecraft:iron_ingot":129,"minecraft:gold_ingot":3},"minecraft:broken":{"minecraft:stone_pickaxe":2,"minecraft:iron_pickaxe":1},"minecraft:killed_by":{"minecraft:creeper":1,"monsterplus:crystal_zombie":2,"quest_giver:quest_guard_villager":1,"tinyskeletons:baby_skeleton":1},"minecraft:picked_up":{"sophisticatedbackpacks:gold_backpack":1,"minecraft:crafting_table":1,"minecraft:coarse_dirt":7,"minecraft:chainmail_boots":1,"simple_mobs:toxic_gland":2,"minecraft:enchanted_book":6,"untamedwilds:flora_hemlock":4,"paraglider:goddess_statue":1,"minecraft:shield":3,"minecraft:raw_copper":14,"minecraft:moss_carpet":30,"minecraft:string":31,"minecraft:iron_axe":1,"untamedwilds:food_bear_raw":3,"minecraft:iron_leggings":1,"minecraft:item_frame":2,"minecraft:compass":1,"minecraft:iron_shovel":1,"bloodandmadness:blood_vial":4,"minecraft:cobbled_deepslate":25,"minecraft:bucket":3,"minecraft:beef":2,"minecraft:iron_nugget":37,"minecraft:iron_pickaxe":3,"minecraft:spruce_slab":6,"minecraft:sugar_cane":22,"minecraft:birch_sapling":24,"minecraft:spruce_trapdoor":4,"minecraft:iron_boots":1,"minecraft:furnace":2,"minecraft:stick":43,"minecraft:raw_iron":148,"apotheosis:gem":4,"sophisticatedbackpacks:crafting_upgrade":1,"minecraft:torch":23,"minecraft:acacia_log":2,"minecraft:porkchop":15,"minecraft:diorite":2,"minecraft:redstone":99,"bloodandmadness:beastblood_clump":1,"monsterplus:crystal_clump":2,"dannys_expansion:gel":2,"minecraft:arrow":67,"minecraft:rotten_flesh":9,"simple_mobs:crystal_chestplate":2,"untamedwilds:hide_bigcat_leopard":3,"supplementaries:antique_ink":2,"minecraft:iron_block":1,"create:asurine":1,"create:crafting_blueprint":2,"minecraft:mutton":1,"bloodandmadness:blood_stone_shard":1,"minecraft:skeleton_skull":1,"minecraft:white_wool":1,"minecraft:cobblestone":536,"minecraft:birch_log":119,"minecraft:feather":3,"minecraft:glow_ink_sac":9,"minecraft:andesite":1,"minecraft:leather":1,"minecraft:potato":16,"minecraft:filled_map":1,"minecraft:birch_planks":18,"paraglider:spirit_orb":6,"minecraft:stripped_spruce_wood":2,"minecraft:oak_log":10,"create:raw_zinc":10,"minecraft:golden_boots":1,"minecraft:lapis_lazuli":39,"minecraft:dirt":32,"simple_mobs:crystal_helmet":1,"minecraft:white_banner":1,"irons_spellbooks:iron_spell_book":1,"minecraft:bone":26,"minecraft:acacia_planks":2,"untamedwilds:material_fat":1,"minecraft:bow":2,"minecraft:wheat_seeds":2,"minecraft:raw_gold":4,"minecraft:stone_pickaxe":2,"sophisticatedbackpacks:smelting_upgrade":1,"simple_mobs:cavefragment":3,"minecraft:iron_sword":3,"hexerei:animal_fat":3,"minecraft:oak_slab":6,"minecraft:smooth_basalt":3,"minecraft:sweet_berries":34,"minecraft:gravel":2,"untamedwilds:hide_bear_white":2,"epicfight:uchigatana":1,"simple_mobs:blighted_meat":3,"minecraft:spectral_arrow":2,"minecraft:spider_eye":1,"alexsmobs:bison_carpet":1,"simple_mobs:largecavefragment":1,"simple_mobs:crystal_leggings":2,"minecraft:deepslate":2,"minecraft:diamond":2,"minecraft:stone_axe":2,"monsterplus:crystal_shard":8,"quark:spruce_leaf_carpet":42,"minecraft:iron_helmet":1,"minecraft:crossbow":5,"minecraft:granite":10,"minecraft:spruce_button":1,"minecraft:emerald":6,"minecraft:bread":6,"minecraft:oak_sapling":14,"quark:yellow_framed_glass_pane":1,"minecraft:stripped_dark_oak_log":2,"minecraft:coal":183,"minecraft:ender_pearl":2}},"DataVersion":2975}