{"stats":{"minecraft:crafted":{"minecraft:air":25},"minecraft:used":{"minecraft:bread":2,"epicfight:uchigatana":4},"minecraft:picked_up":{"minecraft:stick":1,"paraglider:spirit_orb":1,"minecraft:oak_log":5,"minecraft:oak_sapling":5},"minecraft:mined":{"minecraft:grass":3,"minecraft:grass_block":1,"treechop:chopped_log":1},"minecraft:custom":{"minecraft:time_since_rest":4372,"minecraft:crouch_one_cm":62,"minecraft:play_time":4372,"minecraft:sprint_one_cm":6307,"minecraft:damage_absorbed":4,"minecraft:damage_taken":164,"minecraft:walk_one_cm":42930,"minecraft:sneak_time":4,"minecraft:jump":39,"minecraft:damage_dealt":197,"minecraft:leave_game":1,"minecraft:time_since_death":4372,"minecraft:total_world_time":4372,"minecraft:damage_dealt_absorbed":42,"minecraft:fall_one_cm":1143,"minecraft:fly_one_cm":7756,"minecraft:player_kills":1}},"DataVersion":2975}