{"stats":{"minecraft:crafted":{"minecraft:cooked_chicken":3,"minecraft:cooked_mutton":1,"minecraft:cooked_porkchop":10,"minecraft:baked_potato":4,"quark:oak_chest":2,"minecraft:iron_ingot":151,"minecraft:gold_ingot":36,"minecraft:cooked_beef":12,"alexsmobs:cooked_kangaroo_meat":3,"minecraft:air":796},"minecraft:picked_up":{"minecraft:chainmail_boots":1,"simple_mobs:toxic_gland":2,"minecraft:enchanted_book":11,"untamedwilds:flora_hemlock":4,"paraglider:goddess_statue":1,"minecraft:string":35,"minecraft:raw_copper":14,"minecraft:iron_leggings":1,"minecraft:beetroot":1,"minecraft:cobbled_deepslate":534,"minecraft:bucket":3,"minecraft:iron_pickaxe":3,"minecraft:iron_boots":1,"minecraft:furnace":2,"quark:music_disc_fire":1,"minecraft:stick":43,"apotheosis:gem":5,"minecraft:torch":27,"minecraft:acacia_log":2,"minecraft:porkchop":15,"minecraft:diorite":2,"monsterplus:crystal_clump":4,"dannys_expansion:gel":2,"minecraft:rotten_flesh":14,"supplementaries:antique_ink":2,"minecraft:iron_block":3,"create:asurine":1,"create:crafting_blueprint":2,"bloodandmadness:blood_stone_shard":2,"minecraft:cobblestone":537,"minecraft:birch_log":119,"minecraft:feather":8,"minecraft:andesite":2,"minecraft:potato":16,"paraglider:spirit_orb":6,"create:raw_zinc":12,"minecraft:tuff":73,"minecraft:stripped_spruce_wood":2,"minecraft:dirt":35,"minecraft:lapis_lazuli":44,"simple_mobs:crystal_helmet":1,"minecraft:lantern":1,"irons_spellbooks:iron_spell_book":1,"minecraft:bone":28,"goblinsanddungeons:scoria_bricks":5,"minecraft:acacia_planks":2,"minecraft:bow":2,"goblinsanddungeons:scoria_brick_slab":2,"minecraft:wheat_seeds":4,"minecraft:raw_gold":27,"minecraft:oak_planks":2,"hexerei:animal_fat":3,"untamedwilds:hide_bear_white":2,"minecraft:spectral_arrow":3,"alexsmobs:bison_carpet":1,"simple_mobs:crystal_leggings":2,"minecraft:diamond":4,"minecraft:deepslate":3,"minecraft:crossbow":5,"minecraft:granite":10,"minecraft:golden_apple":1,"minecraft:spruce_button":1,"minecraft:bread":6,"minecraft:emerald":7,"minecraft:oak_sapling":14,"quark:yellow_framed_glass_pane":1,"sophisticatedbackpacks:gold_backpack":1,"minecraft:coarse_dirt":11,"minecraft:crafting_table":1,"bloodandmadness:twin_blood_stone_shards":1,"minecraft:chicken":4,"minecraft:shield":3,"minecraft:moss_carpet":30,"untamedwilds:food_bear_raw":3,"minecraft:iron_axe":1,"minecraft:compass":2,"minecraft:item_frame":2,"minecraft:iron_shovel":1,"bloodandmadness:blood_vial":5,"minecraft:beef":2,"simple_mobs:vampire_fang":1,"minecraft:iron_nugget":38,"minecraft:spruce_slab":6,"minecraft:sugar_cane":22,"minecraft:birch_sapling":24,"minecraft:spruce_trapdoor":4,"minecraft:egg":3,"minecraft:raw_iron":162,"sophisticatedbackpacks:crafting_upgrade":1,"minecraft:spruce_fence":1,"minecraft:carrot":43,"minecraft:redstone":135,"bloodandmadness:beastblood_clump":3,"goblinsanddungeons:goblin_crown":1,"minecraft:arrow":87,"minecraft:beetroot_seeds":1,"simple_mobs:crystal_chestplate":2,"untamedwilds:hide_bigcat_leopard":3,"minecraft:saddle":1,"minecraft:mutton":1,"minecraft:white_wool":1,"minecraft:skeleton_skull":1,"minecraft:glow_ink_sac":9,"minecraft:leather":6,"minecraft:filled_map":1,"minecraft:birch_planks":18,"minecraft:oak_log":10,"minecraft:golden_boots":1,"minecraft:white_banner":1,"minecraft:red_carpet":38,"untamedwilds:material_fat":1,"minecraft:stone_pickaxe":2,"sophisticatedbackpacks:smelting_upgrade":1,"simple_mobs:cavefragment":3,"goblinsanddungeons:scoria":63,"minecraft:iron_sword":3,"minecraft:oak_slab":6,"minecraft:smooth_basalt":3,"minecraft:dark_oak_slab":1,"minecraft:sweet_berries":34,"minecraft:gravel":7,"epicfight:uchigatana":1,"simple_mobs:blighted_meat":3,"minecraft:spider_eye":2,"minecraft:leather_helmet":1,"simple_mobs:largecavefragment":1,"goblinsanddungeons:scoria_brick_stairs":1,"minecraft:stone_axe":2,"monsterplus:crystal_shard":9,"quark:spruce_leaf_carpet":42,"minecraft:iron_helmet":1,"minecraft:baked_potato":4,"goblinsanddungeons:chiseled_scoria":1,"minecraft:stripped_dark_oak_log":2,"minecraft:coal":197,"minecraft:ender_pearl":2},"minecraft:killed_by":{"minecraft:creeper":1,"monsterplus:crystal_zombie":2,"quest_giver:quest_guard_villager":1,"tinyskeletons:baby_skeleton":1},"minecraft:dropped":{"minecraft:iron_sword":2,"minecraft:glow_ink_sac":9,"minecraft:crafting_table":2,"minecraft:crossbow":3,"paraglider:spirit_orb":5,"sophisticatedbackpacks:gold_backpack":1,"create:crafting_blueprint":1,"minecraft:dirt":11,"goblinsanddungeons:scoria_brick_stairs":1,"minecraft:bone_meal":11,"minecraft:iron_pickaxe":3,"minecraft:bone":5,"minecraft:gravel":2,"minecraft:stone_axe":3,"minecraft:compass":2,"minecraft:iron_nugget":5,"monsterplus:crystal_shard":5,"minecraft:stripped_dark_oak_log":2,"minecraft:beetroot":1,"minecraft:rotten_flesh":10,"quark:spruce_leaf_carpet":20,"simple_mobs:crystal_helmet":1,"simple_mobs:largecavefragment":1,"simple_mobs:crystal_chestplate":2,"minecraft:water_bucket":1,"minecraft:enchanted_book":2,"minecraft:wheat_seeds":4,"minecraft:feather":3,"minecraft:cobblestone":70,"minecraft:spectral_arrow":2,"minecraft:spruce_button":1,"minecraft:coal":50,"minecraft:diorite":1,"goblinsanddungeons:scoria":1,"minecraft:iron_leggings":1,"simple_mobs:crystal_leggings":1,"minecraft:iron_axe":1,"dannys_expansion:gel":2,"minecraft:iron_shovel":1,"minecraft:paper":1,"minecraft:string":39,"minecraft:bucket":3,"minecraft:smooth_basalt":1,"minecraft:redstone":9,"monsterplus:crystal_clump":1,"minecraft:furnace":1,"minecraft:moss_carpet":3,"minecraft:sweet_berries":17,"epicfight:uchigatana":1,"minecraft:coarse_dirt":4,"minecraft:deepslate":2,"minecraft:iron_boots":1,"minecraft:spruce_fence":1,"minecraft:flint_and_steel":1,"minecraft:shield":1,"minecraft:spruce_trapdoor":2,"minecraft:iron_chestplate":1,"minecraft:andesite":1,"minecraft:spider_eye":1,"irons_spellbooks:iron_spell_book":1,"minecraft:bow":1,"minecraft:stone_pickaxe":3,"untamedwilds:flora_hemlock":2},"minecraft:custom":{"lootr:looted_stat":20,"minecraft:interact_with_crafting_table":37,"minecraft:open_barrel":11,"goblintraders:trade_with_goblin":52,"minecraft:leave_game":15,"minecraft:time_since_death":165858,"minecraft:sprint_one_cm":737086,"champions:champion_mobs_killed":96,"minecraft:drop":105,"minecraft:play_time":329954,"minecraft:deaths":5,"minecraft:jump":5061,"minecraft:walk_on_water_one_cm":49109,"minecraft:interact_with_furnace":74,"minecraft:sleep_in_bed":3,"minecraft:waystone_activated":3,"minecraft:damage_dealt":24549,"minecraft:player_kills":1,"minecraft:crouch_one_cm":152819,"minecraft:horse_one_cm":20099,"minecraft:mob_kills":135,"minecraft:climb_one_cm":34614,"minecraft:walk_one_cm":2672108,"minecraft:damage_dealt_absorbed":1977,"minecraft:sneak_time":22731,"minecraft:walk_under_water_one_cm":33345,"minecraft:boat_one_cm":349,"minecraft:total_world_time":329954,"minecraft:time_since_rest":126828,"minecraft:damage_taken":7426,"minecraft:damage_absorbed":264,"minecraft:trigger_trapped_chest":3,"minecraft:swim_one_cm":20905,"minecraft:fly_one_cm":1177336,"minecraft:open_chest":104,"minecraft:fall_one_cm":88147},"minecraft:mined":{"create:deepslate_zinc_ore":2,"minecraft:spruce_trapdoor":4,"minecraft:granite":11,"minecraft:grass_block":7,"minecraft:spawner":1,"goblinsanddungeons:urn":6,"minecraft:iron_ore":110,"minecraft:deepslate_lapis_ore":1,"create:asurine":2,"minecraft:iron_block":3,"minecraft:spruce_slab":6,"alexsmobs:bison_carpet":1,"minecraft:deepslate_redstone_ore":28,"minecraft:blackstone":1,"supplementaries:book_pile":2,"minecraft:torch":11,"goblinsanddungeons:chiseled_scoria":1,"minecraft:cobblestone":5,"minecraft:sugar_cane":10,"minecraft:oak_planks":2,"minecraft:wall_torch":16,"minecraft:dark_oak_slab":1,"minecraft:birch_log":15,"minecraft:grass":5,"minecraft:dirt":10,"minecraft:smooth_basalt":2,"minecraft:oak_leaves":24,"minecraft:deepslate":542,"create:zinc_ore":10,"minecraft:tuff":78,"minecraft:deepslate_diamond_ore":4,"quark:yellow_framed_glass_pane":1,"untamedwilds:flora_hemlock":4,"minecraft:spruce_fence":1,"quark:spruce_leaf_carpet":10,"minecraft:redstone_ore":2,"minecraft:furnace":1,"minecraft:andesite":2,"treechop:chopped_log":20,"minecraft:deepslate_iron_ore":35,"minecraft:vine":1,"minecraft:stone":446,"minecraft:oak_slab":6,"minecraft:stripped_dark_oak_log":2,"goblinsanddungeons:scoria":65,"minecraft:crafting_table":1,"goblinsanddungeons:scoria_brick_slab":2,"minecraft:spruce_button":2,"minecraft:tall_grass":5,"minecraft:copper_ore":4,"minecraft:deepslate_coal_ore":7,"minecraft:lapis_ore":7,"minecraft:deepslate_gold_ore":23,"minecraft:diorite":2,"supplementaries:urn":3,"minecraft:birch_planks":20,"minecraft:coarse_dirt":4,"minecraft:stripped_spruce_wood":2,"minecraft:ice":1,"minecraft:birch_leaves":8,"minecraft:coal_ore":152,"minecraft:gravel":2,"minecraft:acacia_planks":3,"minecraft:infested_stone":1,"paraglider:goddess_statue":1},"minecraft:used":{"quark:yellow_framed_glass_pane":1,"paraglider:goddess_statue":1,"minecraft:carrot":98,"minecraft:milk_bucket":1,"alexsmobs:bison_carpet":1,"create:crafting_blueprint":2,"minecraft:birch_sapling":16,"minecraft:dark_oak_slab":1,"minecraft:item_frame":2,"minecraft:bow":112,"minecraft:sweet_berries":32,"minecraft:oak_sapling":13,"minecraft:furnace":5,"minecraft:egg":2,"minecraft:stone_pickaxe":330,"minecraft:oak_planks":4,"minecraft:wooden_pickaxe":20,"minecraft:sugar_cane":13,"minecraft:golden_apple":1,"minecraft:crossbow":1,"minecraft:bread":15,"minecraft:coarse_dirt":5,"minecraft:bone_meal":1,"quark:birch_chest":3,"minecraft:cooked_chicken":9,"minecraft:torch":122,"minecraft:dirt":1,"alexsmobs:cooked_kangaroo_meat":3,"untamedwilds:food_bear_cooked":3,"minecraft:iron_axe":188,"goblinsanddungeons:scoria":2,"minecraft:smooth_basalt":2,"minecraft:cooked_beef":12,"minecraft:cobbled_deepslate":5,"minecraft:acacia_planks":3,"minecraft:cooked_mutton":1,"minecraft:water_bucket":17,"monsterplus:crystal_clump":3,"minecraft:birch_planks":421,"minecraft:baked_potato":24,"minecraft:crafting_table":4,"minecraft:iron_pickaxe":1221,"minecraft:spruce_trapdoor":2,"minecraft:enchanted_book":2,"minecraft:cobblestone":4,"minecraft:white_banner":1,"minecraft:cooked_porkchop":10,"minecraft:bucket":19,"quark:oak_chest":2,"epicfight:uchigatana":518},"minecraft:killed":{"minecraft:cave_spider":1,"minecraft:witch":1,"simple_mobs:hobgob":1,"untamedwilds:wildebeest":1,"minecraft:spider":1,"monsterplus:crystal_zombie":9,"minecraft:skeleton":7,"monsterplus:glow_skeleton":1,"bloodandmadness:beast_patient":1,"goblinsanddungeons:garch":5,"goblinsanddungeons:goom":1,"minecraft:chicken":5,"minecraft:silverfish":2,"bloodandmadness:silverbeast":2,"minecraft:pig":7,"simple_mobs:gobber":7,"minecraft:creeper":1,"minecraft:pillager":15,"goblinsanddungeons:hobgob":1,"tinyskeletons:baby_skeleton":1,"minecraft:zombie":15,"bloodandmadness:cloaked_beast_patient":2,"dannys_expansion:mundane_slime":1,"goblinsanddungeons:goblin_king":1,"bloodandmadness:brainsucker":1,"simple_mobs:vampire":2,"simple_mobs:toxic_goop":1,"simple_mobs:cave_golem":1,"simple_mobs:minotaur":1,"restored_earth:lobber_zombie":1,"simple_mobs:goom":1,"goblinsanddungeons:gob":1,"untamedwilds:big_cat":1,"simple_mobs:weak_ogre":1,"simple_mobs:gob":12,"simple_mobs:goblo":1,"simple_mobs:cave_blockhead":2,"creeperoverhaul:savannah_creeper":1},"minecraft:broken":{"minecraft:iron_chestplate":1,"minecraft:stone_pickaxe":2,"minecraft:iron_pickaxe":4}},"DataVersion":2975}