{"stats":{"minecraft:crafted":{"minecraft:cooked_chicken":3,"minecraft:cooked_beef":12,"minecraft:cooked_porkchop":10,"minecraft:baked_potato":4,"minecraft:air":655,"quark:oak_chest":2,"minecraft:iron_ingot":69,"minecraft:gold_ingot":3},"minecraft:broken":{"minecraft:stone_pickaxe":2,"minecraft:iron_pickaxe":1},"minecraft:used":{"quark:birch_chest":3,"quark:yellow_framed_glass_pane":1,"minecraft:cooked_chicken":3,"minecraft:torch":68,"minecraft:dirt":1,"minecraft:milk_bucket":1,"alexsmobs:bison_carpet":1,"minecraft:iron_axe":145,"minecraft:birch_sapling":9,"minecraft:item_frame":2,"minecraft:bow":10,"minecraft:sweet_berries":17,"minecraft:oak_sapling":13,"minecraft:furnace":3,"minecraft:cooked_beef":7,"minecraft:acacia_planks":3,"minecraft:cobbled_deepslate":4,"monsterplus:crystal_clump":1,"minecraft:birch_planks":375,"minecraft:stone_pickaxe":330,"minecraft:baked_potato":4,"minecraft:wooden_pickaxe":20,"minecraft:sugar_cane":13,"minecraft:crafting_table":3,"minecraft:crossbow":1,"minecraft:bread":12,"minecraft:iron_pickaxe":317,"minecraft:spruce_trapdoor":2,"minecraft:cobblestone":4,"minecraft:white_banner":1,"minecraft:cooked_porkchop":10,"minecraft:bucket":1,"quark:oak_chest":2,"minecraft:bone_meal":1,"minecraft:coarse_dirt":5,"epicfight:uchigatana":239},"minecraft:dropped":{"minecraft:enchanted_book":2,"minecraft:water_bucket":1,"minecraft:glow_ink_sac":1,"minecraft:crossbow":3,"minecraft:feather":3,"minecraft:cobblestone":2,"minecraft:spectral_arrow":2,"minecraft:spruce_button":1,"minecraft:coal":50,"minecraft:dirt":1,"minecraft:diorite":1,"minecraft:bone_meal":11,"dannys_expansion:gel":2,"minecraft:paper":1,"minecraft:bone":5,"minecraft:redstone":9,"minecraft:stone_axe":3,"minecraft:moss_carpet":3,"minecraft:coarse_dirt":2,"epicfight:uchigatana":1,"monsterplus:crystal_shard":2,"minecraft:stripped_dark_oak_log":2,"minecraft:rotten_flesh":4,"quark:spruce_leaf_carpet":20,"simple_mobs:largecavefragment":1,"minecraft:shield":1,"minecraft:spruce_trapdoor":2,"minecraft:andesite":1,"minecraft:spider_eye":1,"simple_mobs:crystal_chestplate":1,"minecraft:stone_pickaxe":3,"untamedwilds:flora_hemlock":2},"minecraft:picked_up":{"minecraft:coarse_dirt":7,"minecraft:chainmail_boots":1,"simple_mobs:toxic_gland":2,"minecraft:enchanted_book":6,"untamedwilds:flora_hemlock":4,"minecraft:shield":3,"minecraft:string":2,"minecraft:moss_carpet":30,"minecraft:raw_copper":13,"minecraft:item_frame":2,"bloodandmadness:blood_vial":3,"minecraft:cobbled_deepslate":6,"minecraft:beef":2,"minecraft:iron_nugget":32,"minecraft:sugar_cane":22,"minecraft:birch_sapling":21,"minecraft:spruce_trapdoor":4,"minecraft:stick":9,"minecraft:raw_iron":119,"apotheosis:gem":4,"minecraft:torch":17,"minecraft:acacia_log":2,"minecraft:porkchop":15,"minecraft:diorite":2,"minecraft:redstone":9,"bloodandmadness:beastblood_clump":1,"monsterplus:crystal_clump":1,"dannys_expansion:gel":2,"minecraft:arrow":33,"minecraft:rotten_flesh":6,"simple_mobs:crystal_chestplate":1,"untamedwilds:hide_bigcat_leopard":3,"minecraft:iron_block":1,"minecraft:mutton":1,"minecraft:skeleton_skull":1,"minecraft:white_wool":1,"minecraft:cobblestone":452,"minecraft:birch_log":96,"minecraft:feather":3,"minecraft:glow_ink_sac":1,"minecraft:andesite":1,"minecraft:leather":1,"minecraft:filled_map":1,"minecraft:birch_planks":17,"paraglider:spirit_orb":1,"create:raw_zinc":10,"minecraft:oak_log":10,"minecraft:golden_boots":1,"minecraft:lapis_lazuli":12,"minecraft:dirt":25,"minecraft:white_banner":1,"minecraft:bone":11,"minecraft:acacia_planks":2,"minecraft:bow":1,"minecraft:raw_gold":4,"minecraft:stone_pickaxe":2,"simple_mobs:cavefragment":3,"minecraft:iron_sword":1,"hexerei:animal_fat":3,"minecraft:sweet_berries":17,"epicfight:uchigatana":1,"simple_mobs:blighted_meat":3,"minecraft:spectral_arrow":2,"minecraft:spider_eye":1,"alexsmobs:bison_carpet":1,"simple_mobs:largecavefragment":1,"minecraft:stone_axe":2,"monsterplus:crystal_shard":4,"quark:spruce_leaf_carpet":42,"minecraft:iron_helmet":1,"minecraft:crossbow":5,"minecraft:granite":10,"minecraft:spruce_button":1,"minecraft:emerald":6,"minecraft:bread":6,"minecraft:oak_sapling":13,"quark:yellow_framed_glass_pane":1,"minecraft:stripped_dark_oak_log":2,"minecraft:coal":121,"minecraft:ender_pearl":2},"minecraft:killed_by":{"minecraft:creeper":1,"monsterplus:crystal_zombie":1,"quest_giver:quest_guard_villager":1,"tinyskeletons:baby_skeleton":1},"minecraft:mined":{"create:zinc_ore":10,"minecraft:granite":11,"minecraft:spruce_trapdoor":4,"quark:yellow_framed_glass_pane":1,"untamedwilds:flora_hemlock":4,"minecraft:grass_block":3,"quark:spruce_leaf_carpet":10,"minecraft:iron_ore":80,"minecraft:andesite":1,"treechop:chopped_log":17,"minecraft:deepslate_iron_ore":22,"minecraft:stone":424,"minecraft:iron_block":1,"alexsmobs:bison_carpet":1,"minecraft:deepslate_redstone_ore":2,"minecraft:stripped_dark_oak_log":2,"minecraft:torch":7,"minecraft:spruce_button":2,"minecraft:cobblestone":5,"minecraft:tall_grass":1,"minecraft:copper_ore":4,"minecraft:lapis_ore":3,"minecraft:sugar_cane":10,"minecraft:diorite":2,"minecraft:wall_torch":9,"supplementaries:urn":2,"minecraft:birch_planks":20,"minecraft:birch_log":15,"minecraft:ice":1,"minecraft:birch_leaves":8,"minecraft:grass":3,"minecraft:coal_ore":92,"minecraft:dirt":10,"minecraft:acacia_planks":3,"minecraft:oak_leaves":7,"minecraft:deepslate":6},"minecraft:custom":{"lootr:looted_stat":9,"minecraft:mob_kills":64,"minecraft:interact_with_crafting_table":29,"minecraft:open_barrel":9,"minecraft:leave_game":8,"minecraft:time_since_death":74650,"minecraft:climb_one_cm":15878,"champions:champion_mobs_killed":38,"minecraft:sprint_one_cm":328633,"minecraft:walk_one_cm":1301613,"minecraft:drop":50,"minecraft:damage_dealt_absorbed":1554,"minecraft:play_time":145785,"minecraft:deaths":4,"minecraft:sneak_time":12447,"minecraft:walk_under_water_one_cm":18776,"minecraft:jump":2477,"minecraft:walk_on_water_one_cm":24052,"minecraft:total_world_time":145785,"minecraft:interact_with_furnace":64,"minecraft:sleep_in_bed":1,"minecraft:time_since_rest":38342,"minecraft:damage_taken":3373,"minecraft:damage_absorbed":169,"minecraft:trigger_trapped_chest":3,"minecraft:damage_dealt":11832,"minecraft:fly_one_cm":525544,"minecraft:swim_one_cm":10142,"minecraft:player_kills":1,"minecraft:open_chest":34,"minecraft:crouch_one_cm":96717,"minecraft:fall_one_cm":37676},"minecraft:killed":{"minecraft:cave_spider":1,"minecraft:witch":1,"minecraft:spider":1,"untamedwilds:wildebeest":1,"monsterplus:crystal_zombie":2,"minecraft:skeleton":1,"dannys_expansion:mundane_slime":1,"bloodandmadness:beast_patient":1,"simple_mobs:toxic_goop":1,"simple_mobs:cave_golem":1,"simple_mobs:minotaur":1,"minecraft:pig":7,"minecraft:creeper":1,"untamedwilds:big_cat":1,"minecraft:pillager":15,"tinyskeletons:baby_skeleton":1,"minecraft:zombie":8,"simple_mobs:cave_blockhead":2,"creeperoverhaul:savannah_creeper":1}},"DataVersion":2975}