{"stats":{"minecraft:used":{"quark:birch_chest":3,"monsterplus:crystal_clump":1,"minecraft:baked_potato":1,"minecraft:stone_pickaxe":329,"minecraft:wooden_pickaxe":20,"minecraft:sugar_cane":13,"minecraft:torch":40,"minecraft:dirt":1,"minecraft:crafting_table":2,"minecraft:crossbow":1,"minecraft:iron_axe":11,"minecraft:bread":12,"minecraft:iron_pickaxe":309,"minecraft:cobblestone":4,"minecraft:sweet_berries":17,"minecraft:furnace":2,"minecraft:oak_sapling":13,"minecraft:cooked_porkchop":4,"minecraft:bucket":1,"minecraft:cooked_beef":3,"minecraft:cobbled_deepslate":4,"minecraft:bone_meal":1,"epicfight:uchigatana":155},"minecraft:mined":{"create:zinc_ore":10,"minecraft:deepslate_redstone_ore":2,"minecraft:torch":4,"minecraft:granite":11,"minecraft:grass_block":3,"minecraft:copper_ore":4,"minecraft:cobblestone":5,"minecraft:lapis_ore":3,"minecraft:sugar_cane":10,"minecraft:diorite":2,"minecraft:wall_torch":5,"supplementaries:urn":2,"minecraft:iron_ore":76,"minecraft:ice":1,"minecraft:andesite":1,"minecraft:birch_leaves":1,"treechop:chopped_log":5,"minecraft:grass":3,"minecraft:coal_ore":92,"minecraft:deepslate_iron_ore":22,"minecraft:dirt":10,"minecraft:stone":422,"minecraft:oak_leaves":7,"minecraft:deepslate":6},"minecraft:dropped":{"minecraft:enchanted_book":1,"minecraft:stone_axe":3,"epicfight:uchigatana":1,"minecraft:glow_ink_sac":1,"monsterplus:crystal_shard":2,"minecraft:crossbow":3,"minecraft:rotten_flesh":3,"minecraft:spectral_arrow":2,"simple_mobs:largecavefragment":1,"minecraft:coal":21,"minecraft:shield":1,"minecraft:diorite":1,"minecraft:andesite":1,"minecraft:bone_meal":11,"minecraft:spider_eye":1,"dannys_expansion:gel":2,"simple_mobs:crystal_chestplate":1,"minecraft:stone_pickaxe":3,"minecraft:paper":1,"minecraft:redstone":9,"minecraft:bone":5,"minecraft:water_bucket":1},"minecraft:custom":{"minecraft:interact_with_furnace":53,"minecraft:mob_kills":33,"minecraft:interact_with_crafting_table":18,"minecraft:leave_game":4,"minecraft:time_since_death":16599,"minecraft:time_since_rest":16624,"champions:champion_mobs_killed":19,"minecraft:sprint_one_cm":226193,"minecraft:damage_absorbed":169,"minecraft:damage_taken":2237,"minecraft:walk_one_cm":752591,"minecraft:drop":34,"minecraft:damage_dealt":6848,"minecraft:player_kills":1,"minecraft:damage_dealt_absorbed":1129,"minecraft:swim_one_cm":6223,"minecraft:fly_one_cm":338357,"minecraft:open_chest":24,"minecraft:crouch_one_cm":34611,"minecraft:play_time":87734,"minecraft:deaths":4,"minecraft:sneak_time":6475,"minecraft:walk_under_water_one_cm":17091,"minecraft:jump":1773,"minecraft:walk_on_water_one_cm":23002,"minecraft:total_world_time":87734,"minecraft:fall_one_cm":25056},"minecraft:killed":{"simple_mobs:cave_golem":1,"minecraft:cave_spider":1,"simple_mobs:minotaur":1,"minecraft:pig":5,"minecraft:witch":1,"untamedwilds:wildebeest":1,"minecraft:spider":1,"monsterplus:crystal_zombie":2,"dannys_expansion:mundane_slime":1,"minecraft:skeleton":1,"tinyskeletons:baby_skeleton":1,"minecraft:zombie":5,"bloodandmadness:beast_patient":1,"simple_mobs:toxic_goop":1,"simple_mobs:cave_blockhead":2,"creeperoverhaul:savannah_creeper":1},"minecraft:crafted":{"minecraft:cooked_porkchop":4,"minecraft:baked_potato":4,"minecraft:air":268,"minecraft:iron_ingot":69,"minecraft:gold_ingot":3,"minecraft:cooked_beef":3},"minecraft:killed_by":{"tinyskeletons:baby_skeleton":1,"minecraft:creeper":1,"monsterplus:crystal_zombie":1,"quest_giver:quest_guard_villager":1},"minecraft:broken":{"minecraft:stone_pickaxe":2,"minecraft:iron_pickaxe":1},"minecraft:picked_up":{"minecraft:birch_log":11,"minecraft:chainmail_boots":1,"minecraft:glow_ink_sac":1,"minecraft:andesite":1,"minecraft:leather":1,"simple_mobs:toxic_gland":2,"minecraft:enchanted_book":3,"paraglider:spirit_orb":1,"create:raw_zinc":10,"minecraft:oak_log":10,"minecraft:shield":2,"minecraft:lapis_lazuli":12,"minecraft:string":2,"minecraft:dirt":24,"minecraft:raw_copper":13,"minecraft:bone":8,"bloodandmadness:blood_vial":3,"minecraft:cobbled_deepslate":6,"minecraft:raw_gold":4,"minecraft:stone_pickaxe":2,"minecraft:beef":2,"minecraft:iron_nugget":32,"minecraft:iron_sword":1,"minecraft:sugar_cane":22,"simple_mobs:cavefragment":3,"minecraft:birch_sapling":7,"hexerei:animal_fat":2,"minecraft:raw_iron":115,"minecraft:stick":4,"apotheosis:gem":3,"minecraft:sweet_berries":17,"minecraft:torch":11,"minecraft:acacia_log":2,"minecraft:porkchop":11,"epicfight:uchigatana":1,"minecraft:diorite":2,"simple_mobs:blighted_meat":3,"minecraft:redstone":9,"minecraft:spectral_arrow":2,"minecraft:spider_eye":1,"bloodandmadness:beastblood_clump":1,"monsterplus:crystal_clump":1,"simple_mobs:largecavefragment":1,"dannys_expansion:gel":2,"minecraft:arrow":9,"minecraft:rotten_flesh":3,"minecraft:stone_axe":2,"monsterplus:crystal_shard":4,"simple_mobs:crystal_chestplate":1,"minecraft:iron_helmet":1,"minecraft:crossbow":4,"minecraft:granite":10,"minecraft:bread":6,"minecraft:emerald":6,"minecraft:oak_sapling":13,"minecraft:coal":92,"minecraft:skeleton_skull":1,"minecraft:cobblestone":450,"minecraft:ender_pearl":2}},"DataVersion":2975}