{"stats":{"minecraft:used":{"minecraft:iron_shovel":1,"quark:yellow_framed_glass_pane":1,"minecraft:iron_sword":2,"paraglider:goddess_statue":1,"minecraft:carrot":110,"minecraft:milk_bucket":1,"minecraft:lava_bucket":6,"alexsmobs:bison_carpet":1,"create:crafting_blueprint":2,"minecraft:birch_sapling":16,"minecraft:dark_oak_slab":1,"minecraft:item_frame":2,"minecraft:red_carpet":42,"minecraft:bow":206,"minecraft:sweet_berries":41,"minecraft:furnace":5,"minecraft:oak_sapling":13,"minecraft:egg":3,"minecraft:spruce_door":4,"minecraft:stone_pickaxe":330,"minecraft:oak_planks":6,"minecraft:wooden_pickaxe":20,"minecraft:sugar_cane":13,"minecraft:golden_apple":6,"minecraft:crossbow":1,"minecraft:bread":44,"minecraft:andesite":32,"minecraft:coarse_dirt":5,"hexerei:candle_orange":3,"minecraft:bone_meal":115,"minecraft:iron_bars":2,"quark:birch_chest":3,"minecraft:cooked_chicken":9,"minecraft:torch":242,"minecraft:dirt":1,"minecraft:anvil":2,"alexsmobs:cooked_kangaroo_meat":3,"minecraft:granite":1,"untamedwilds:food_bear_cooked":5,"minecraft:iron_axe":254,"goblinsanddungeons:scoria":2,"minecraft:barrel":1,"minecraft:smooth_basalt":2,"minecraft:golden_carrot":45,"minecraft:cooked_beef":32,"minecraft:acacia_planks":3,"minecraft:cobbled_deepslate":16,"minecraft:wheat_seeds":3,"minecraft:cooked_mutton":1,"minecraft:water_bucket":92,"monsterplus:crystal_clump":3,"minecraft:birch_planks":421,"minecraft:baked_potato":54,"minecraft:cobblestone_slab":3,"minecraft:crafting_table":4,"justhammers:iron_hammer":385,"minecraft:diamond_pickaxe":14,"minecraft:iron_pickaxe":1850,"minecraft:spruce_trapdoor":2,"minecraft:enchanted_book":2,"minecraft:cobblestone":91,"minecraft:potion":1,"minecraft:white_banner":1,"minecraft:cooked_porkchop":10,"minecraft:bucket":100,"quark:oak_chest":2,"epicfight:uchigatana":1424},"minecraft:dropped":{"minecraft:nether_brick_stairs":11,"minecraft:iron_sword":3,"irons_spellbooks:rare_ink":1,"minecraft:lapis_lazuli":9,"minecraft:glow_ink_sac":13,"minecraft:ender_pearl":9,"untamedwilds:material_fat":1,"minecraft:glass_bottle":3,"minecraft:crafting_table":2,"minecraft:crossbow":3,"minecraft:cracked_stone_bricks":6,"farmersdelight:rice":2,"minecraft:rail":3,"create:crafting_blueprint":1,"minecraft:leather_helmet":1,"jet_and_elias_armors:sentinel_set_helmet":2,"minecraft:red_carpet":2,"sophisticatedbackpacks:gold_backpack":1,"minecraft:flint":1,"paraglider:spirit_orb":5,"minecraft:dirt":11,"goblinsanddungeons:scoria_brick_stairs":1,"irons_spellbooks:arcane_essence":17,"minecraft:bone_meal":11,"irons_spellbooks:rotten_spell_book":1,"minecraft:iron_pickaxe":6,"apotheosis:scrap_tome":1,"minecraft:bone":7,"goblinsanddungeons:scoria_brick_slab":2,"minecraft:gravel":2,"minecraft:stone_axe":3,"minecraft:compass":4,"minecraft:iron_nugget":5,"minecraft:nether_brick":1,"monsterplus:crystal_shard":5,"minecraft:wheat":7,"minecraft:stripped_dark_oak_log":2,"minecraft:beetroot":1,"minecraft:rotten_flesh":21,"minecraft:oak_planks":1,"quark:spruce_leaf_carpet":20,"simple_mobs:crystal_helmet":1,"simple_mobs:largecavefragment":1,"minecraft:carrot":136,"minecraft:chainmail_chestplate":1,"simple_mobs:imp_scale":1,"minecraft:beetroot_seeds":1,"minecraft:chainmail_boots":1,"apotheosis:gem":3,"minecraft:acacia_sapling":2,"minecraft:spruce_slab":2,"minecraft:iron_bars":7,"simple_mobs:crystal_chestplate":2,"minecraft:stone_brick_stairs":1,"minecraft:netherrack":1,"minecraft:egg":1,"minecraft:enchanted_book":3,"minecraft:water_bucket":2,"minecraft:wheat_seeds":71,"minecraft:golden_helmet":1,"irons_spellbooks:legendary_ink":1,"minecraft:mossy_cobblestone":2,"minecraft:golden_horse_armor":1,"dannys_expansion:yellow_spores":4,"minecraft:feather":3,"minecraft:diamond_leggings":1,"minecraft:book":5,"minecraft:cobblestone":71,"minecraft:spectral_arrow":2,"minecraft:golden_axe":2,"minecraft:iron_helmet":2,"immersive_weathering:ash_layer_block":1,"minecraft:apple":3,"minecraft:spruce_button":1,"minecraft:chainmail_helmet":1,"minecraft:coal":50,"minecraft:stick":15,"irons_spellbooks:scroll":7,"minecraft:cobweb":7,"untamedwilds:hide_bear_black":6,"goblinsanddungeons:chiseled_scoria":1,"minecraft:diorite":1,"goblinsanddungeons:scoria":1,"minecraft:diamond_helmet":1,"minecraft:iron_leggings":2,"minecraft:potion":2,"simple_mobs:crystal_leggings":1,"minecraft:iron_axe":1,"dannys_expansion:gel":2,"minecraft:mossy_cobblestone_stairs":4,"minecraft:iron_shovel":1,"minecraft:paper":1,"minecraft:chainmail_leggings":1,"minecraft:string":40,"irons_spellbooks:frozen_bone":7,"minecraft:bucket":3,"minecraft:acacia_planks":3,"minecraft:smooth_basalt":1,"minecraft:redstone":9,"monsterplus:crystal_clump":1,"minecraft:furnace":1,"minecraft:moss_carpet":3,"minecraft:sweet_berries":17,"hexerei:sage_seed":11,"epicfight:uchigatana":3,"minecraft:coarse_dirt":6,"minecraft:stone_sword":2,"irons_spellbooks:ice_rune":1,"minecraft:deepslate":2,"minecraft:tuff":12,"irons_spellbooks:uncommon_ink":1,"farmersdelight:cabbage_seeds":2,"minecraft:white_carpet":1,"minecraft:clay_ball":6,"minecraft:iron_boots":4,"minecraft:nether_bricks":1,"minecraft:spruce_fence":1,"goblinsanddungeons:scoria_bricks":5,"minecraft:flint_and_steel":1,"jet_and_elias_armors:sentinel_set_chestplate":1,"minecraft:filled_map":17,"minecraft:shield":4,"minecraft:diamond_chestplate":1,"minecraft:spruce_trapdoor":2,"minecraft:spruce_planks":4,"minecraft:iron_chestplate":3,"minecraft:andesite":1,"minecraft:mossy_stone_bricks":18,"minecraft:oak_sapling":1,"minecraft:stone_bricks":4,"minecraft:spider_eye":3,"minecraft:diamond_boots":1,"minecraft:bow":6,"irons_spellbooks:iron_spell_book":1,"minecraft:stone_pickaxe":4,"minecraft:stripped_spruce_wood":1,"untamedwilds:flora_hemlock":2},"minecraft:broken":{"minecraft:iron_chestplate":1,"minecraft:iron_leggings":1,"minecraft:chainmail_boots":1,"minecraft:stone_pickaxe":2,"justhammers:iron_hammer":3,"minecraft:iron_pickaxe":6},"minecraft:killed":{"simple_mobs:imp_melee":4,"minecraft:cave_spider":3,"minecraft:witch":1,"simple_mobs:hobgob":1,"untamedwilds:wildebeest":1,"minecraft:spider":6,"irons_spellbooks:summoned_polar_bear":1,"dannys_expansion:foamspring":1,"monsterplus:crystal_zombie":9,"minecraft:skeleton":38,"monsterplus:glow_skeleton":3,"bloodandmadness:beast_patient":2,"goblinsanddungeons:garch":5,"goblinsanddungeons:goom":1,"minecraft:chicken":5,"minecraft:silverfish":9,"bloodandmadness:silverbeast":2,"minecraft:pig":7,"simple_mobs:gobber":7,"dannys_expansion:floam":1,"minecraft:zombie_villager":1,"minecraft:creeper":1,"untamedwilds:bear":1,"minecraft:pillager":16,"goblinsanddungeons:hobgob":1,"tinyskeletons:baby_skeleton":2,"minecraft:zombie":38,"minecraft:stray":4,"bloodandmadness:cloaked_beast_patient":3,"minecraft:vindicator":1,"simple_mobs:imp_range":4,"dannys_expansion:mundane_slime":1,"goblinsanddungeons:goblin_king":1,"bloodandmadness:brainsucker":2,"simple_mobs:vampire":3,"simple_mobs:toxic_goop":2,"simple_mobs:corrupted_ogre":1,"simple_mobs:cave_golem":1,"minecraft:husk":1,"simple_mobs:minotaur":1,"restored_earth:lobber_zombie":1,"simple_mobs:goom":1,"goblinsanddungeons:gob":1,"majruszsdifficulty:cursed_armor":3,"simple_mobs:weak_ogre":1,"dannys_expansion:ghoul":1,"untamedwilds:big_cat":1,"simple_mobs:gob":12,"simple_mobs:goblo":1,"simple_mobs:cave_blockhead":3,"minecraft:wither_skeleton":2,"creeperoverhaul:savannah_creeper":1},"minecraft:killed_by":{"minecraft:creeper":1,"monsterplus:crystal_zombie":2,"quest_giver:quest_guard_villager":1,"simple_mobs:imp_melee":2,"minecraft:zombie":3,"simple_mobs:corrupted_ogre":2,"monsterplus:glow_skeleton":1,"tinyskeletons:baby_skeleton":1},"minecraft:custom":{"lootr:looted_stat":80,"minecraft:interact_with_crafting_table":48,"minecraft:open_barrel":15,"goblintraders:trade_with_goblin":57,"minecraft:eat_cake_slice":4,"minecraft:leave_game":25,"minecraft:time_since_death":15967,"minecraft:damage_resisted":43,"champions:champion_mobs_killed":193,"minecraft:sprint_one_cm":1444797,"minecraft:drop":306,"minecraft:talked_to_villager":2,"minecraft:play_time":654600,"minecraft:deaths":14,"minecraft:jump":7961,"minecraft:walk_on_water_one_cm":100099,"minecraft:interact_with_furnace":90,"minecraft:sleep_in_bed":5,"minecraft:waystone_activated":5,"minecraft:damage_dealt":52030,"minecraft:player_kills":1,"minecraft:crouch_one_cm":234572,"minecraft:horse_one_cm":55332,"minecraft:mob_kills":248,"minecraft:damage_dealt_resisted":1666,"minecraft:climb_one_cm":86245,"minecraft:walk_one_cm":5550811,"minecraft:damage_dealt_absorbed":4330,"minecraft:sneak_time":41240,"minecraft:walk_under_water_one_cm":72628,"minecraft:boat_one_cm":349,"minecraft:total_world_time":654600,"minecraft:time_since_rest":16134,"minecraft:damage_taken":18718,"minecraft:damage_absorbed":703,"minecraft:trigger_trapped_chest":3,"minecraft:swim_one_cm":46828,"minecraft:fly_one_cm":1771341,"minecraft:open_chest":339,"minecraft:fall_one_cm":147637},"minecraft:mined":{"create:deepslate_zinc_ore":2,"hexerei:candle_orange":2,"minecraft:obsidian":9,"minecraft:spruce_trapdoor":4,"minecraft:granite":12,"minecraft:acacia_log":3,"minecraft:grass_block":10,"goblinsanddungeons:urn":6,"minecraft:spawner":39,"immersive_weathering:exposed_iron_door":1,"minecraft:barrel":1,"minecraft:iron_ore":131,"immersive_weathering:mossy_stone":2,"minecraft:cobbled_deepslate":1,"minecraft:deepslate_lapis_ore":1,"minecraft:nether_brick_stairs":5,"create:asurine":2,"minecraft:iron_bars":14,"minecraft:iron_block":3,"minecraft:spruce_slab":7,"minecraft:deepslate_redstone_ore":28,"alexsmobs:bison_carpet":1,"minecraft:quartz_block":5,"minecraft:blackstone":1,"supplementaries:book_pile":2,"minecraft:torch":13,"immersive_weathering:exposed_iron_bars":2,"goblinsanddungeons:chiseled_scoria":1,"minecraft:cobblestone":31,"minecraft:sugar_cane":10,"minecraft:oak_planks":3,"minecraft:wall_torch":21,"minecraft:dark_oak_slab":1,"minecraft:birch_log":15,"minecraft:stone_brick_stairs":2,"minecraft:grass":6,"minecraft:oak_log":2,"minecraft:dirt":17,"minecraft:smooth_basalt":2,"minecraft:netherrack":1,"minecraft:oak_leaves":28,"minecraft:deepslate":732,"create:zinc_ore":10,"minecraft:tuff":95,"minecraft:red_carpet":4,"minecraft:mossy_cobblestone":1,"minecraft:deepslate_diamond_ore":4,"minecraft:candle":3,"minecraft:glow_lichen":2,"minecraft:nether_bricks":3,"quark:yellow_framed_glass_pane":1,"untamedwilds:flora_hemlock":4,"minecraft:spruce_fence":1,"quark:spruce_leaf_carpet":10,"minecraft:redstone_ore":2,"minecraft:furnace":1,"minecraft:andesite":45,"treechop:chopped_log":20,"minecraft:mossy_stone_brick_stairs":1,"minecraft:bookshelf":22,"minecraft:vine":15,"minecraft:deepslate_iron_ore":54,"minecraft:stone":568,"minecraft:oak_slab":6,"minecraft:acacia_leaves":12,"minecraft:stripped_dark_oak_log":2,"minecraft:spruce_door":2,"goblinsanddungeons:scoria":103,"minecraft:crafting_table":1,"goblinsanddungeons:scoria_brick_slab":2,"minecraft:spruce_button":2,"minecraft:copper_ore":4,"minecraft:tall_grass":5,"minecraft:deepslate_coal_ore":7,"minecraft:lapis_ore":7,"minecraft:deepslate_gold_ore":48,"minecraft:diorite":2,"supplementaries:urn":6,"minecraft:birch_planks":20,"minecraft:coarse_dirt":4,"minecraft:stripped_spruce_wood":3,"minecraft:ice":1,"minecraft:birch_leaves":8,"minecraft:coal_ore":168,"minecraft:gravel":2,"minecraft:acacia_planks":5,"minecraft:stone_bricks":7,"minecraft:mossy_stone_bricks":4,"minecraft:gold_ore":12,"minecraft:deepslate_emerald_ore":1,"minecraft:infested_stone":2,"paraglider:goddess_statue":1},"minecraft:picked_up":{"irons_spellbooks:scroll":1,"minecraft:iron_chestplate":1,"minecraft:wheat":54,"minecraft:chainmail_boots":2,"minecraft:creeper_head":1,"simple_mobs:toxic_gland":3,"minecraft:potion":2,"minecraft:enchanted_book":17,"minecraft:stone_brick_stairs":2,"minecraft:nether_brick":1,"untamedwilds:flora_hemlock":4,"immersive_weathering:ash_layer_block":3,"paraglider:goddess_statue":1,"minecraft:string":46,"minecraft:raw_copper":14,"minecraft:iron_leggings":3,"minecraft:beetroot":1,"irons_spellbooks:arcane_essence":6,"minecraft:diamond_leggings":1,"minecraft:cobbled_deepslate":1814,"bosses_of_mass_destruction:soul_star":1,"minecraft:bucket":3,"minecraft:spruce_planks":4,"minecraft:iron_pickaxe":6,"minecraft:iron_boots":1,"minecraft:furnace":2,"minecraft:stick":45,"minecraft:tipped_arrow":1,"minecraft:golden_helmet":1,"quark:music_disc_fire":1,"apotheosis:gem":11,"minecraft:torch":39,"minecraft:acacia_log":5,"minecraft:porkchop":15,"minecraft:golden_axe":2,"minecraft:diorite":2,"minecraft:quartz_block":4,"monsterplus:crystal_clump":6,"dannys_expansion:gel":2,"minecraft:stone_sword":2,"minecraft:rotten_flesh":37,"supplementaries:antique_ink":2,"minecraft:iron_block":3,"create:asurine":1,"create:crafting_blueprint":2,"supplementaries:ash":8,"epicfight:stray_robe":1,"minecraft:obsidian":9,"bloodandmadness:blood_stone_shard":2,"minecraft:iron_bars":24,"minecraft:cobblestone":695,"minecraft:birch_log":119,"immersive_weathering:mossy_stone":2,"minecraft:feather":8,"farmersdelight:rice":1,"minecraft:water_bucket":1,"minecraft:andesite":49,"untamedwilds:hide_bear_black":6,"minecraft:potato":16,"paraglider:spirit_orb":6,"minecraft:flint":1,"create:raw_zinc":24,"minecraft:tuff":171,"minecraft:stripped_spruce_wood":3,"ob_core:platinum_raw":2,"minecraft:lapis_lazuli":52,"minecraft:dirt":48,"simple_mobs:crystal_helmet":1,"minecraft:lantern":1,"minecraft:leather_boots":1,"irons_spellbooks:iron_spell_book":1,"minecraft:bone":67,"goblinsanddungeons:scoria_bricks":5,"minecraft:acacia_planks":5,"minecraft:bow":7,"goblinsanddungeons:scoria_brick_slab":2,"minecraft:wheat_seeds":74,"minecraft:raw_gold":63,"dannys_expansion:yellow_spores":4,"minecraft:mossy_stone_bricks":18,"minecraft:diamond_helmet":1,"minecraft:oak_planks":4,"minecraft:mossy_stone_brick_stairs":1,"hexerei:animal_fat":3,"endrem:lost_eye":1,"paraglider:essence":1,"irons_spellbooks:frozen_bone":5,"irons_spellbooks:legendary_ink":1,"untamedwilds:hide_bear_white":2,"minecraft:nether_brick_stairs":11,"minecraft:ink_sac":3,"minecraft:spectral_arrow":5,"minecraft:barrel":1,"alexsmobs:bison_carpet":1,"minecraft:mossy_cobblestone":2,"irons_spellbooks:ice_rune":1,"simple_mobs:crystal_leggings":2,"simple_mobs:vampire_heart":1,"minecraft:deepslate":3,"minecraft:diamond":6,"minecraft:crossbow":5,"minecraft:granite":11,"minecraft:golden_apple":1,"minecraft:emerald":8,"minecraft:spruce_button":1,"minecraft:chainmail_helmet":1,"minecraft:bread":14,"minecraft:oak_sapling":15,"minecraft:netherrack":1,"quark:yellow_framed_glass_pane":1,"sophisticatedbackpacks:gold_backpack":1,"minecraft:coarse_dirt":11,"minecraft:crafting_table":1,"minecraft:chicken":4,"bloodandmadness:twin_blood_stone_shards":1,"minecraft:clay_ball":3,"minecraft:diamond_horse_armor":1,"minecraft:shield":5,"minecraft:moss_carpet":30,"minecraft:iron_axe":1,"untamedwilds:food_bear_raw":5,"minecraft:compass":2,"minecraft:item_frame":2,"minecraft:white_carpet":1,"minecraft:iron_shovel":1,"bloodandmadness:blood_vial":8,"minecraft:cracked_stone_bricks":6,"minecraft:candle":8,"minecraft:beef":2,"simple_mobs:vampire_fang":1,"minecraft:iron_nugget":38,"minecraft:spruce_slab":8,"minecraft:sugar_cane":22,"minecraft:birch_sapling":24,"minecraft:spruce_trapdoor":4,"minecraft:egg":4,"minecraft:raw_iron":211,"sophisticatedbackpacks:crafting_upgrade":1,"minecraft:spruce_fence":1,"hexerei:candle_orange":3,"minecraft:carrot":181,"minecraft:redstone":191,"bloodandmadness:beastblood_clump":4,"goblinsanddungeons:goblin_crown":1,"hexerei:sage_seed":11,"minecraft:arrow":134,"minecraft:diamond_chestplate":1,"minecraft:beetroot_seeds":1,"minecraft:nether_bricks":1,"simple_mobs:crystal_chestplate":2,"minecraft:diamond_boots":1,"untamedwilds:hide_bigcat_leopard":3,"minecraft:saddle":2,"minecraft:gold_ingot":6,"jet_and_elias_armors:sentinel_set_helmet":1,"minecraft:mutton":1,"minecraft:rail":3,"minecraft:skeleton_skull":1,"minecraft:white_wool":1,"ob_core:platinum_nugget":10,"immersive_weathering:charred_log":1,"minecraft:golden_carrot":2,"minecraft:glow_ink_sac":13,"minecraft:leather":6,"minecraft:filled_map":11,"minecraft:birch_planks":18,"minecraft:crimson_fungus":32,"minecraft:oak_log":11,"minecraft:golden_boots":1,"minecraft:gunpowder":1,"minecraft:white_banner":1,"minecraft:red_carpet":44,"minecraft:apple":3,"minecraft:stone_bricks":6,"untamedwilds:material_fat":2,"minecraft:rabbit_hide":7,"minecraft:iron_ingot":19,"minecraft:stone_pickaxe":3,"minecraft:cobweb":7,"minecraft:glass_bottle":4,"sophisticatedbackpacks:smelting_upgrade":1,"simple_mobs:cavefragment":4,"goblinsanddungeons:scoria":420,"minecraft:iron_sword":5,"minecraft:acacia_sapling":2,"minecraft:book":66,"minecraft:oak_slab":6,"simple_mobs:imp_scale":2,"minecraft:smooth_basalt":3,"minecraft:dark_oak_slab":1,"minecraft:sweet_berries":43,"simple_mobs:ogreliver":1,"minecraft:gravel":7,"epicfight:uchigatana":3,"simple_mobs:blighted_meat":3,"minecraft:spider_eye":5,"minecraft:spruce_door":4,"minecraft:leather_helmet":2,"simple_mobs:largecavefragment":1,"goblinsanddungeons:scoria_brick_stairs":1,"monsterplus:crystal_shard":10,"minecraft:stone_axe":2,"quark:spruce_leaf_carpet":42,"minecraft:chainmail_leggings":1,"minecraft:iron_helmet":3,"minecraft:mossy_cobblestone_stairs":4,"minecraft:baked_potato":4,"minecraft:melon_seeds":1,"goblinsanddungeons:chiseled_scoria":1,"minecraft:stripped_dark_oak_log":2,"minecraft:coal":213,"minecraft:ender_pearl":10},"minecraft:crafted":{"minecraft:cooked_chicken":3,"minecraft:cooked_mutton":1,"minecraft:emerald":1,"minecraft:cooked_porkchop":10,"minecraft:baked_potato":20,"quark:oak_chest":2,"minecraft:iron_ingot":187,"minecraft:gold_ingot":36,"minecraft:bone_meal":3,"minecraft:cooked_beef":12,"alexsmobs:cooked_kangaroo_meat":3,"minecraft:air":1056}},"DataVersion":2975}